category_cc,join_date,channel,name_cc,subscribers_cc,videos_cc,subscriber_rank_sb,weights,initial_subs,growth_score,has_buzzed
Entertainment,2014-10-29,UC4qGmRZ7aLOLfVsSdj5Se2A,TheThings,4410000,1562,1936.0,2.0865,13023.375,0.0367582722173452,1
Entertainment,2016-05-12,UCZSNzBgFub_WWil6TOTYwAg,Netflix India,4120000,763,2149.0,2.133,14192.125,0.0339214667913784,1
Entertainment,2016-11-29,UCYfbq37VGb-07tDS0FGtsPw,Piper Rockelle,3680000,266,2174.0,2.139,12061.0,0.0395466976828167,1
Entertainment,2013-05-07,UConZUB9SoH7H1Sp5wvzEEpg,Glenn Julifer,2763799,650,3777.0,2.276,10062.75,0.034478155971361,1
Entertainment,2006-10-28,UCNIuvl7V8zACPpTmmNIqP2A,OverSimplified,2684127,17,3811.0,2.2755,12168.518134715026,0.0343700897204736,1
Entertainment,2017-12-12,UC495kynFX55dE0iorwV3RKQ,Dangie Bros,2470000,228,4410.0,2.3655,13656.0,0.0501920746428047,1
Entertainment,2017-06-20,UCMz63pZu5nr7ynHe_OVf9wA,BOUNTY HUNTER D,2450000,266,4640.0,2.394,14783.5,0.0399147556121272,1
Entertainment,2017-01-03,UCjz5Ai3RBvw-vdhii-AE45g,Kapamilya Trending,1960000,1287,4756.0,2.372,14810.75,0.0342261457527521,1
Entertainment,2016-09-28,UC9aDY1QGeUQI6vR7ikm0KrA,FamousTubeKIDS,2369066,496,4945.0,2.369,11285.125,0.0304411848407287,1
Entertainment,2017-09-08,UC1KnbLi0FcKNkWvsfcU2uuw,The MJ Family,2238147,87,5037.0,2.3915,13299.5,0.0422979031749923,1
Entertainment,2012-11-28,UCOIkx3x-33FcWhpmGIf9txQ,Nickelodeon India,2030000,400,5066.0,2.396,12082.25,0.0316839339939904,1
Entertainment,2016-10-16,UCw82_BrKru_CjqIuTzf04Kw,ALTBalaji,2100000,1060,5882.0,2.4605,12142.625,0.0300658031031219,1
Entertainment,2015-07-17,UCf9xTqXTItfs5R0JZqlomjA,Toys Academy,2050000,627,5973.0,2.4565,10663.75,0.0321209800330828,1
Entertainment,2014-12-30,UCLFbQ3Alf_WI1IuO0cMbtrg,Nicole Tv,2000000,116,6216.0,2.4615,14599.25,0.0309837148433014,1
Entertainment,2016-03-24,UCCtcof9tDj_OP2H9vn1RkHQ,KIFLYF TV,1840000,511,6887.0,2.5135,14162.0,0.0304187089752615,1
Entertainment,2011-02-13,UCWizIdwZdmr43zfxlCktmNw,Alec Steele,1900000,796,6936.0,2.52,12019.75,0.0307282758971054,1
Entertainment,2014-06-02,UCNvywYiv2rpARNbn2yxvoCw,Bollygrad Studioz,1850000,4828,7071.0,2.5165,12201.666666666664,0.0450575719411596,1
Entertainment,2012-01-21,UC2Yy_ZcisZbONOCBag8zYUQ,Angelica Hale,1720000,196,7208.0,2.5165,11044.625,0.0293996206652656,1
Entertainment,2016-04-03,UCdhoqGOVRz1f8WkZ8v_5tOQ,Co Videos,1720000,142,7613.0,2.5385,14504.375,0.0279306108124902,1
Entertainment,2015-12-24,UCQXvl69rKNOtSK2-bKUADUQ,BrainfooTV,1540000,89,8511.0,2.5540000000000003,12906.5,0.0296873392679024,1
Entertainment,2017-04-28,UCpk8SlbASeNIYLgh5bt8i5Q,Sahil Khan,1550000,114,8518.0,2.5525,11257.0,0.0362959744828874,1
Entertainment,2017-10-04,UCBJuxfqZuiibvcwSc8ViGsQ,A for Adley - Learni...,1190000,240,8708.0,2.5655,10405.25,0.0468494033798179,1
Entertainment,2017-10-10,UCAclVGCh7QyLH41jJGQVhaw,Media Hub Official C...,1380000,329,9593.0,2.5980000000000003,13957.0,0.0415874249845766,1
Entertainment,2014-04-08,UCTDDvSmzjw1OG2WBnDbD28w,Penguin Kids TV,1260000,822,9839.0,2.637,12118.125,0.0281745458253457,1
Entertainment,2013-01-14,UCdDzVQvu8tlqZg05-fFhmDg,elisocray,1390000,999,9943.0,2.6385,14992.0,0.027237213840696,1
Entertainment,2015-10-13,UCX3wXnsJnWxHZfqle6fLZKw,RDC Movie,1400000,244,10047.0,2.641,12874.0,0.0290308930282541,1
Entertainment,2013-01-09,UC0L1suV8pVgO4pCAIBNGx5w,60 Minutes Australia...,1144245,2259,10277.0,2.6525000000000003,13862.5,0.0268575917311133,1
Entertainment,2016-03-15,UCMuxVnOs6U-1wPRD5JKkBEQ,Sonali Products,1070000,341,13056.0,2.752,13318.0,0.0276503549271863,1
Entertainment,2016-07-06,UCjAw2rm3nmbdX46effqJqJg,Eagle Movies,1022737,677,13775.0,2.7965,12036.75,0.0277132336749402,1
Entertainment,2016-12-07,UC-FRt8YnGNO0sX7ek2yLdBQ,Lovers Baby,1138962,194,14354.0,2.8435,10999.5,0.0774374670472773,1
Entertainment,2017-08-24,UCetiwiWVoUBvIHIzYFaEiEw,Wrestle Chatter,1040000,2040,14629.0,2.8405,13190.25,0.0371876075777416,1
Entertainment,2017-01-20,UC41hszq3ex3RFkRD9rAFO-w,Maithili Ganga,944366,813,15000.0,2.785,12229.5,0.0339813820494486,1
Entertainment,2016-03-01,UCrm-qtg2eXZ7MceH7m21uog,Steph Pappas,1040000,315,15218.0,2.7895,10576.75,0.0269198694187553,1
Entertainment,2019-02-07,UC4pTrQqndbuz1XxGyp_i6Zg,Best of The Voice Ki...,675000,59,16112.0,2.8360000000000003,10164.5,0.1163710436626809,1
Entertainment,2017-02-07,UCKV_9NXnNbCpI19w22ucd3A,Satisfying VGK,844349,116,16155.0,2.8425,10654.0,0.039471770105027,1
Entertainment,2012-02-23,UCurhhc188L7ARz8YMiQN7qw,Mas Waditya,948491,695,16185.0,2.8455,12856.5,0.0270458319445392,1
Entertainment,2016-07-25,UCdbeep4P2J9JErLw5cG0GJA,Arun Surya Teja,831736,94,16465.0,2.8425,11891.25,0.0261688941063369,1
Entertainment,2017-02-21,UC_qXlnj3LcTg_qScXJcEL2w,MD Saddaf,1029048,165,16488.0,2.834,13742.5,0.0682131509038844,1
Entertainment,2015-07-18,UCEAXqGOrT6uqN6XqlItD6vA,kiddies tv,893000,275,16546.0,2.8255,12689.75,0.0262551689362492,1
Entertainment,2016-05-24,UCmyjVwYZbp5YPYTUyeopO2g,Pawn Stars,698479,778,16586.0,2.817,12538.125,0.0458178716896084,1
Entertainment,2012-03-09,UCG0m9a2z1ziRm2YlaFuyU7A,Today Trending,808465,427,16768.0,2.8125,11719.666666666664,0.0476563370167283,1
Entertainment,2014-12-16,UCme6XJ0pNj-zyVyYkAJikxw,Haarika & Hassine Cr...,674000,224,17296.0,2.8160000000000003,12716.25,0.0209039728250894,1
Entertainment,2011-02-27,UCyl-pL0QtNOef-2dKDFJi0A,RKMedia,871000,1212,17526.0,2.8110000000000004,14945.0,0.0362667415358479,1
Entertainment,2014-04-10,UCmse5JbKneJqVyerfhDVYvQ,UV Creations,905000,492,17746.0,2.8615,14688.666666666664,0.0235599073927176,1
Entertainment,2010-09-07,UCjMX4b2U01f___KlGZp1rSg,SPN Syndication,745000,577,17877.0,2.861,14148.0,0.024765640797058,1
Entertainment,2015-09-11,UCHx9otBCyy9gU3ZTYnqtdyA,Your Face Sounds Fam...,898669,1437,17968.0,2.889,13345.5,0.0223367327346413,1
Entertainment,2014-01-09,UCC7WFw42VnywQRvewSq29eg,Fisherman's Life,855000,180,18659.0,2.9105000000000003,12765.5,0.0256138629565158,1
Entertainment,2014-07-14,UCjjOwBh58Dcui2I44XvGxrQ,DjMarathi,913310,268,18660.0,2.9105000000000003,14561.0,0.0319882433783439,1
Entertainment,2015-04-22,UCAXP-q4dehMmhfLb391kc1A,MY FINGER FAMILY RHY...,780000,17,18753.0,2.906,10364.125,0.0258714997433362,1
Entertainment,2014-10-03,UCgsRqo5sMdaOR5E90J_RnZw,Malwa Punjabi Cultur...,841000,3626,18983.0,2.881,12227.0,0.0266686359613072,1
Entertainment,2016-12-09,UCOlLivh3_AfkjDFy5X7EL5Q,The Voice UK,801000,601,19004.0,2.874,11980.5,0.0271486200006332,1
Entertainment,2014-07-03,UCinc8cMupjRtLasfM5Ui13w,SeplFilmiDhamaka,816505,6140,19139.0,2.8655,10050.5,0.0274915264038672,1
Entertainment,2007-01-12,UCkCbJ6kruvug_6XOusB1rdQ,Burak Yeter,809879,155,19635.0,2.857,11633.875,0.0202687827799037,1
Entertainment,2015-04-26,UCU1r97baEf3JJI5fY6NtMpA,Express TV,715578,8303,19960.0,2.854,10936.0,0.0262207052481237,1
Entertainment,2017-10-08,UCqoOcEKFZnV1zQ4khXzG6kg,DOLLAR,742000,240,20069.0,2.8600000000000003,13889.25,0.0375041533374133,1
Entertainment,2015-06-02,UCcR4cyQyAF-guvk7Wm5Lbqg,Caters Clips,791000,8300,20453.0,2.9245,12393.75,0.0262334204920431,1
Entertainment,2013-05-03,UC0Rp4wkphkKwnL2qJB8XnKw,Smasher,779000,149,20463.0,2.9265000000000003,12678.5,0.0257401786086445,1
Entertainment,2013-01-31,UCGibQ-8a0sWpFXZGeYFjLYQ,KineMaster,666000,140,20515.0,2.9200000000000004,10170.5,0.0253378394186694,1
Entertainment,2009-09-04,UC7Nuoy4_-uaXp6lBdg3zTkg,Nicole Kirkland,744000,343,21339.0,2.952,12072.0,0.0254310266070122,1
Entertainment,2011-04-28,UCqC7tHn0mbvXjm5yamLeFww,Bubblegummonsters,737000,174,21418.0,2.9645,10403.75,0.0263282556118319,1
Entertainment,2016-06-21,UC5hrMQx_OLBfTmkAODbcITQ,Maahi Queen,558000,31,21550.0,2.9555,10906.666666666668,0.0737870609627705,1
Entertainment,2014-10-14,UCeo3JUEsPIaeowbIkdu9AXg,Swagkage,741000,193,21569.0,2.951,13479.5,0.0245428368918514,1
Entertainment,2012-12-24,UCuHeV0gdHKDEAHFAega4EZw,Rainbow HD B,765000,105,21648.0,2.95,13864.25,0.0247819626871001,1
Entertainment,2015-05-13,UCcnG3zmPfahfE1t18WpLpzw,CartoonRhymes Tv,802931,35,21778.0,2.94,13027.5,0.0303496657777888,1
Entertainment,2015-01-08,UCSl51TSNCxLQJqLTQp0B6Cg,Kirsty Partridge Art...,719000,286,22148.0,2.94,14691.0,0.0245651458857776,1
Entertainment,2015-01-06,UCZditekzWG-XNa4Utxzl_oA,Mia K,754000,44,22367.0,2.952,10972.5,0.0351066175032728,1
Entertainment,2013-11-22,UCv9Edl_WbtbPeURPtFDo-uA,Ice Poseidon,764000,203,23145.0,2.99,10660.5,0.0246730804620989,1
Entertainment,2016-01-17,UCd-qNPS2rlpYWiRXcMp-N0g,Arina kids,670091,69,23673.0,2.9475,13213.0,0.0244359385831084,1
Entertainment,2015-01-23,UC5emzeBT89n8gy3RKrTF55g,NellyVidz,633000,104,24055.0,2.924,12433.125,0.0231689454512723,1
Entertainment,2006-10-13,UC-2YHgc363EdcusLIBbgxzg,Joe Scott,542000,495,24336.0,2.9275,14845.125,0.022283913270051,1
Entertainment,2016-02-20,UCMQYRNX1Fg-HJ8Ey7Z3WPrA,"Wasthi Productions ""...",666000,57,24546.0,2.927,13785.5,0.0242155940465289,1
Entertainment,2007-05-29,UCdm77IXM7nVl2JiXpxDk24A,NitroParkour,506453,78,24696.0,2.931,11557.5,0.0220706424324116,1
Entertainment,2015-01-29,UCI4R-QyfBZUHbaTMT_tqaWg,Bravo HD Movies,615959,916,24985.0,2.9605,12161.0,0.0245610668420976,1
Entertainment,2018-01-15,UCt1fxPc6KaOeMxdhtUcEEEA,Hell's Kitchen,520909,276,25588.0,3.0045,12020.6,0.0473732370831425,1
Entertainment,2019-03-22,UC8oimTPVHKiC7oL3QgdKbgg,Keeping Up With The ...,421000,137,26253.0,2.9985,12057.827225130892,0.103284598664944,1
Entertainment,2016-08-29,UCix-DHWEorz7tLESScP9Rrg,Ema and Eric Kids Le...,664000,29,26969.0,2.971,12657.0,0.0238456692256029,1
Entertainment,2018-09-26,UCGHQD9YZOAt_d0-WnlThCgQ,Double Click,600000,17,27476.0,2.9865,10292.0,0.092049678516424,1
Entertainment,2016-09-09,UCanSUlhgDEwVpNdVEurMA1A,Yey Channel,548000,2410,28129.0,3.0145,11961.570680628272,0.0282619977451329,1
Entertainment,2012-07-02,UCjbBFvK04b-O3foSNabdrOA,Shanmukh Jaswanth,536170,70,29008.0,2.9915000000000003,12509.5,0.0234433119624341,1
Entertainment,2014-04-19,UCDMeyv9L7SL39D4RqIU4d-g,EM & Von,504000,651,29575.0,3.0285,12016.75,0.023219616214832,1
Entertainment,2010-06-23,UCWGcbY5JBzcUenFwl4A1eNw,Charles & Alyssa For...,546000,285,29822.0,3.023,11109.363636363636,0.0357993867002241,1
Entertainment,2014-08-03,UCDtKSxLXbPaY1me33LNS1hg,Jane Abigail,560607,116,30189.0,3.0755,10581.0,0.0274854347584299,1
Entertainment,2014-07-27,UCYkwcqwLUXZu3aJ7VO5VONg,Deegan38,517000,539,30255.0,3.0775,13389.0,0.0226032485529746,1
Entertainment,2016-05-12,UCUaMr-EV-bsL5nK8o0JvBwQ,Rewind with Samina P...,525000,409,30336.0,3.094,11941.75,0.0234775917183797,1
Entertainment,2013-07-18,UCC4SQSLUUm0X3lSwu-hwk-A,Mayapuri Cut,550000,10805,30927.0,3.057,11858.375,0.0235884477971971,1
Entertainment,2018-04-10,UCtawWMyXQKfJVXIvb7eVpJw,Mana Cinemalu,472000,1303,31194.0,3.1105000000000005,10535.5,0.0508472973415892,1
Entertainment,2017-08-13,UCPG7VLW5ERyzfvcxglNKLEQ,Titi Games,528000,140,31317.0,3.1305,13549.75,0.0273103454860876,1
Entertainment,2016-07-22,UCGgdhMFHiKym-z4G7IB4BYw,Sir Spooks,471000,142,31343.0,3.1325,14110.75,0.0221106772832502,1
Entertainment,2016-06-06,UCduD1Kl6UbGWivOz0kmUV-w,KJ Channel,572000,326,31347.0,3.127,11908.625,0.019880986094339,1
Entertainment,2007-09-06,UCTJgqXgKvH3ar1H1EJVC7uw,Indian Dance Group M...,523000,229,31466.0,3.137,12050.0,0.0231318832926225,1
Entertainment,2011-08-09,UCeFE2DTX2i023M_KjRlUDxQ,I Love The Pain,539000,80,32030.0,3.0915,14297.25,0.0226115378474758,1
Entertainment,2012-12-04,UCWAhfJ0Bc6EHs3dhkc2rBkw,GuGu Nerf Guns,435000,303,33080.0,3.1865,10391.0,0.0554377395851178,1
Entertainment,2016-01-31,UCEqjl1uPDRN5P8ewU8n2nvA,Yummy Food World,480979,174,34107.0,3.1915,14264.5,0.0222060226607299,1
Entertainment,2014-03-28,UCkYKVXPYN2dFUJgxAPeAkGg,Emily Norris,477000,722,34550.0,3.187,13709.625,0.0222281803839228,1
Entertainment,2017-09-29,UCg8EstMxdIh9koX74AaR7mQ,WildBrain – Cartoo...,428643,393,34607.0,3.1925,12876.25,0.0379037454929783,1
Entertainment,2014-05-10,UCmbrBZJ1iqDTNcbuAtDhawA,Skaymen,382000,268,34677.0,3.2035,10981.5,0.0223683932283333,1
Entertainment,2016-09-25,UCwXoTVIBscl4RI-5EU_h1ug,Prashant Sharma Ente...,369000,51,34858.0,3.2285000000000004,13346.0,0.1098636102616047,1
Entertainment,2014-12-26,UCHYrzVJ0HKY40U97DiFu2Zw,Maha Sanchar,392000,173,35948.0,3.314,13085.75,0.0210565665607914,1
Entertainment,2012-08-06,UCRrC-24ktw9_VMdDyD4l4Vg,Suryan FM,427735,1157,36184.0,3.2985,14169.125,0.0209311864024096,1
Entertainment,2017-12-02,UC9bmW16zKQP1SHnlssVUlnQ,SP Entertainment,456000,1884,36223.0,3.2825,14287.56401384083,0.063562903244934,1
Entertainment,2017-12-17,UCAfRXcWTlNLa2sEMANgmtPA,Jackson O'Doherty Vl...,468992,44,36230.0,3.2805000000000004,13879.5,0.035715903013038,1
Entertainment,2013-12-29,UC3dpCfpWEN24JW124ROyrVg,Anastasia’s Vlogs,461000,265,36373.0,3.2655,13654.625,0.0269988508317893,1
Entertainment,2014-01-17,UCCKYl8Jm62RPI4fGvk6puqg,aGamesView,462000,44,36815.0,3.2045000000000003,12318.5,0.0226251974554163,1
Entertainment,2015-12-02,UCVOgXKlo5HThuJvz88J1p7A,EATING with the CAND...,450000,386,37075.0,3.2644999999999995,12465.0,0.0222623060861951,1
Entertainment,2014-08-13,UCgv1H5BS_LzPY5pbjtMyf1A,Cast Trending,486000,36,38127.0,3.222,11592.875,0.0228782211422748,1
Entertainment,2018-07-01,UChaEeYV0iibwFqrmFYTweVA,Real World Police,317000,354,38924.0,3.2405,12294.0,0.0569779905142617,1
Entertainment,2011-10-28,UCqskcXtOEyapVGrSUWRm61w,Raaj Jones,449000,328,39035.0,3.229,10834.875,0.0229341980635741,1
Entertainment,2016-02-13,UCwADvr-f1lzAJ_MIUXylbsw,Exploit,350000,27,39444.0,3.2755,14648.125,0.0200912165811285,1
Entertainment,2017-06-16,UCkCH0bgoV4mbFsnhf7kwfbA,Traditional BD,443874,82,39823.0,3.2910000000000004,14127.666666666664,0.0340941489194108,1
Entertainment,2012-07-05,UCa30cxhddoMbRYLaD2635tA,Jayvijay Sachan,445000,81,40214.0,3.3230000000000004,13105.5,0.0212260257881369,1
Entertainment,2018-09-10,UCf28qRwU8wrwlm5Dlfl_DxA,Coloring for You,450000,157,41138.0,3.3605,10743.5,0.0730039629971749,1
Entertainment,2007-10-07,UCeOCF_yMGPlWmz6_-uMT4Qw,Bilal Khan,403000,138,41387.0,3.3575000000000004,12364.5,0.0209162875207465,1
Entertainment,2017-09-15,UCNaViWaQdOZVCPewLM19iIQ,Jenna Dewan,428000,60,41583.0,3.3525,13254.0,0.0311845507809292,1
Entertainment,2018-03-09,UCqM57OsgGVVnajYZvrJl-Cw,Asmr Soap Soul,314000,161,41587.0,3.3525,14129.25,0.0711259545848546,1
Entertainment,2016-12-13,UCJcCicsQWOF0DLQKWvDz03w,SUPER Di,410977,14,41796.0,3.358,13066.75,0.054042117463142,1
Entertainment,2013-03-28,UCf4H10xu3qyv8ASG3H0wYqg,Sketch Master,439000,22,42333.0,3.314,10108.0,0.0419055099789988,1
Entertainment,2011-01-10,UCM4BAqWlN_2lxRX12HTtrCw,Aish TV,420000,23,43244.0,3.398,10192.0,0.0286973834339638,1
Entertainment,2006-12-08,UCCamTHZAdcsBGSAT-WCb38g,Feisty Films,385000,171,43680.0,3.327,11924.75,0.0213660714689236,1
Entertainment,2015-06-18,UCMwS4p5XhAY9Rhqq7EGGKQA,Num Noms,371000,369,44212.0,3.374,10974.5,0.0217865305983886,1
Entertainment,2015-02-01,UCRSwnNps_QO7i15eDjWP92A,Golden Kye,382000,82,44433.0,3.3495,11930.25,0.0824135919110979,1
Entertainment,2013-04-16,UCGqDrWg-EUC6_DdFm00Gkvw,ThatDamnGood,410000,447,45053.0,3.3320000000000003,11783.0,0.022196352168244,1
Entertainment,2019-02-07,UCukiqXduvdLtH30y3iPTcOg,Alone At Home,358000,32,46436.0,3.314,13961.666666666668,0.0953825720673467,1
Entertainment,2015-12-20,UCIgjAp4Nfq9IYwpOuqSqlFw,Harry Potter Folklor...,361461,465,46459.0,3.307,13653.0,0.0202897524260955,1
Entertainment,2014-12-01,UCwbpyVxZEYMkK3VbE0Uq5ow,LoliRock,358000,227,46793.0,3.254,12387.75,0.0207497007406017,1
Entertainment,2018-07-30,UCtC5_sgg_uqnedHhAOftTKQ,NotSoDailyPotato,349397,40,47532.0,3.3340000000000005,13186.75,0.0471203821959315,1
Entertainment,2015-03-26,UCzGbe7WmkQPW3gcbhN0G2gw,Kommune India,342000,210,47718.0,3.3665,10663.0,0.0210378481589815,1
Entertainment,2014-12-30,UCg4hg_qRkwCsJIwbev-VyAg,Doctor Mike Diamonds...,327000,353,47919.0,3.4055000000000004,11394.0,0.0204635628661932,1
Entertainment,2016-11-14,UCt7kD0MCp3yXqJu-ZQv7TUw,The Bakchod,342000,122,48426.0,3.4040000000000004,12837.625,0.0237509595912082,1
Entertainment,2016-12-28,UCzh6R3zyJhAk8Z1ao5k4sWQ,Nick and Jojo,361252,84,48998.0,3.4465,11669.5,0.0229734014387458,1
Entertainment,2017-11-26,UC2rGtlnmxBV28PYUsFTTZoA,Good Eating ASMR,363000,348,50949.0,3.4610000000000003,13707.125,0.0337722341857474,1
Entertainment,2013-03-18,UC01ompoZ0RMCuWP2ZODqzbg,Nasty_C,315000,78,51475.0,3.4635,10593.75,0.0207256669585668,1
Entertainment,2016-12-27,UCejH9OVMqJmzerevPFqPd2w,Big WOU Channel,306000,179,51566.0,3.4685,10698.0,0.0247609222700702,1
Entertainment,2016-03-15,UCfKMMr48h5oOh6WWQrc7mfg,Animals Doing Things...,317000,230,51892.0,3.498,11858.0,0.0199634101479387,1
Entertainment,2015-10-31,UCk2zuJeRutyMZSdoh0sltLA,Pablito's Way,316000,403,52175.0,3.5370000000000004,14505.25,0.0188373020149504,1
Entertainment,2018-08-20,UCjPaIbotSBcf8vtA_LAxwgw,Finestly,252000,107,52185.0,3.5415,12749.846153846154,0.0554325248103281,1
Entertainment,2017-01-31,UCNGYYttXmn6TppbmHi_oD-A,Naiah & Elli Doll Sh...,342000,26,52233.0,3.5345,12968.0,0.0220978229090667,1
Entertainment,2007-01-18,UCrl0vQWWI7Ej1xxv9_mFZdQ,Emil Rengle,341000,101,52299.0,3.5169999999999995,10038.222222222224,0.0214149455387312,1
Entertainment,2017-04-14,UCcb2wv2DDs4PJIcYubunSxg,Dynastyloveyou,336625,50,52315.0,3.504,14438.333333333336,0.0422369264456921,1
Entertainment,2011-07-09,UCv9-3aFss806GZFxNoTVduQ,Marcus Rogers,311000,742,52767.0,3.498,11307.375,0.019741814721736,1
Entertainment,2010-07-01,UCZEYHGRrj4vhTQLdN8TVJrQ,Marissa Heart,313000,82,53635.0,3.5555,14106.0,0.0306306067590905,1
Entertainment,2013-09-05,UCLTAQH-kDqt_KpT6BkzK0ww,SINDIKATO,313222,302,54110.0,3.505,14273.25,0.0195926137323507,1
Entertainment,2015-12-19,UCoGJwMHALf8mcX0rkUoPxpQ,RELATABLE ODDBALL,328000,1227,54607.0,3.51,11273.0,0.0208584365197502,1
Entertainment,2015-03-26,UCoVV1yuzToH-yqdd8aw-zLQ,Event Talkies,310000,2756,54743.0,3.495,13699.625,0.0191847889574203,1
Entertainment,2017-10-22,UCGXbw5ViX0Y6Y1LA3EH1wjA,The Ghost Family,276000,186,54829.0,3.5135,10444.031088082902,0.0312176951044118,1
Entertainment,2015-06-13,UChX7HqySx0W-7Pvy-ynGuUg,Toy Station Kids Cha...,340291,191,54968.0,3.4705,10545.5,0.0217072118667304,1
Entertainment,2017-06-29,UCDdqmNHp2khoZDE02iGcfoA,RONGON FILMS,297752,28,55170.0,3.4955,12918.0,0.0459836912915787,1
Entertainment,2018-04-01,UCSlXUynEQ0KKKOAK03kFt8g,Mr. & Mrs. Prince,280000,196,55600.0,3.4835,14471.0,0.0375419015286392,1
Entertainment,2017-04-25,UCSFDSevWU-OX8cjZPZZZAnQ,Amrita TV Reality Sh...,299000,1721,55762.0,3.5175,10270.0,0.0268074459426488,1
Entertainment,2015-05-30,UC9_zSshq_Iuv3I32q_QfepA,Play Doh Surprise Eg...,328000,383,55863.0,3.5,11172.25,0.0211836523861954,1
Entertainment,2009-04-05,UCv3LuuW8auzYw1SdLmiLRAw,Totally Not Mark,277031,106,58375.0,3.5675,10847.5,0.0202816776422573,1
Entertainment,2016-12-02,UCh83r5MrO31oB3qxfZ2i3cw,Huu Trung,254000,118,58914.0,3.5665,14288.4,0.0264078064443921,1
Entertainment,2015-06-15,UCBKLLUSOrnsb-wiSZH1jCtg,AmazingToys,258000,1995,59150.0,3.5295,10154.0,0.0199518959511273,1
Entertainment,2017-02-17,UC8E8KIgPoZKgoCTHjosF-QA,Ashwani Chaudhary Fi...,276000,46,60359.0,3.5330000000000004,12946.0,0.0545554520485985,1
Entertainment,2019-06-03,UC949o8thQEP15p9_VK69Vbw,Connor And Liana,130000,30,61445.0,3.7815,11809.9,0.1361648398683528,1
Entertainment,2018-03-23,UCTrzcFn9fCkBlBjI8S2mpXw,MR WWE ROYAL,264000,49,61706.0,3.7575,11014.0,0.0442170712595242,1
Entertainment,2011-08-15,UCu8f_M0_FBDnoOBMj1jUIuA,AMV ROCK,278000,136,61834.0,3.789,11346.25,0.0197921171071723,1
Entertainment,2019-01-06,UCRPqrJmkCw_eYImWA4cYFWg,Instant Tik Tok,174000,218,61878.0,3.803,11894.675392670157,0.0933254011377134,1
Entertainment,2012-08-27,UCI2-CSNIq-_GhJOA2ORF9wg,D-low Beatbox,268000,115,62376.0,3.8505,11771.5,0.0192088700953238,1
Entertainment,2012-04-23,UCpkqwRQOnlvxXwF_fno-y2g,Ziksua,276000,44,62828.0,3.842,12180.75,0.0192828631147028,1
Entertainment,2012-08-23,UCmRZ-zoZ0ZdHRq9XvQzmSCQ,JoseOchoaTV,262000,1095,63780.0,3.8105,11745.125,0.0194001559178088,1
Entertainment,2018-07-22,UCO85LCYxWJ0X1AUGufJ_Mug,Sky and Tami,124625,44,64693.0,3.8215,12883.636363636364,0.0670900274699019,1
Entertainment,2017-07-18,UCCQD_KW6WZYQ3hgJmqXYonQ,YeLLa Playz,263056,171,65380.0,3.82,12192.875,0.0270254785624675,1
Entertainment,2017-05-22,UCvTzEmkbDC4BEcZgBIPwL-A,The Movies Talk Show...,270529,321,65488.0,3.839,10108.888888888889,0.0248679293811686,1
Entertainment,2018-04-30,UCWPuCBWzfTIP3N4m8BNcRgA,intomore,259000,159,65498.0,3.846,12995.75,0.0422147911579597,1
Entertainment,2017-11-07,UCHyAHayjwVs1Mekib2ctjGw,KYINKYINAA TWAN TV,201000,263,66355.0,3.9865,11574.0,0.0756715342384876,1
Entertainment,2016-08-16,UCZwVtccgG7noDXCp-NefvWg,diySatisfying,272000,113,67539.0,4.055,13007.0,0.0190018495154461,1
Entertainment,2018-06-25,UCp-dViwMg6lU7iQoGj40rew,Nadia Zerlinda - Off...,232000,78,70609.0,3.744,10552.625,0.0469420800802802,1
Entertainment,2019-01-25,UCArZhtifgQgRV3GJtxuj9AA,Strahan Sara and Kek...,161000,626,72295.0,3.814,10038.5,0.0829705413973762,1
Entertainment,2011-12-19,UCK3s88MSFAwX7l3tpqe3tWA,Saba Khan,254000,80,73108.0,3.836,13818.0,0.0242408022268811,1
Entertainment,2016-01-19,UCLrVxw4H4ZJ3LovpdbzF7bw,The Fallen State,244000,625,73286.0,3.808,10175.75,0.0199822215653262,1
Entertainment,2014-12-19,UCX6LflSUem806jOV4y-zVYg,Like Nepal,239000,1857,74507.0,3.8275,10980.125,0.0189835902398572,1
Entertainment,2008-03-28,UCwX6SIz7KUUj4DjvxDx_dmg,JunoSuede,215000,1999,75223.0,3.688,11928.75,0.0217512641233553,1
Entertainment,2017-08-20,UCzvtdS9xJYZfJFosAvk9OXw,Torrents Movies,215414,65,75643.0,3.597,11666.5,0.02962887240817,1
Entertainment,2015-11-26,UC9maOnWjGGIlmZRRQQBLeYw,The Good of the Land...,223000,197,78788.0,3.632,12514.375,0.019868744409553,1
Entertainment,2017-11-15,UCpChLerbEPwyVP0w_NGxIlA,Jenny's Mini Cooking...,207780,45,79400.0,3.6725,13827.78010471204,0.0327203364228287,1
Entertainment,2016-05-24,UCnqHqo1TUVr5OUqzU0-hjgw,Nicole Rossi,202000,133,79946.0,4.0985,10707.125,0.0203417436184937,1
Entertainment,2016-08-01,UCFkvaOM2Nc_8TtchHlH0ZBg,Michael's Magical Pl...,212000,79,79965.0,4.145,13888.25,0.0235261678342522,1
Entertainment,2018-06-01,UCyZoDBhW8cLrzZ-dqKdQqEg,Maya Putri,204000,109,80270.0,4.085,13909.111111111111,0.0421348206825709,1
Entertainment,2016-12-15,UCR5Y1IYwLdx9fynJfx2YNUA,Bubbly,217000,164,81177.0,4.0585,12696.625,0.0194560020336914,1
Entertainment,2011-03-24,UClCw2NUGoum-BgxikxOgLEw,After Effects Tutori...,218000,44,81211.0,4.045,10442.0,0.020323587205678,1
Entertainment,2012-03-01,UC6kq1rX8eInh-avYD-6Bh9A,Entertainment Fever,214000,13,82925.0,4.1645,14866.125,0.0273664532812857,1
Entertainment,2018-04-25,UCvL3UGB1MJJlJ676PAOLCNQ,itss twins,178000,70,86504.0,4.354,11544.545454545454,0.035410960232623,1
Entertainment,2018-07-28,UCu7QQbDyphU0LHIKey7keTg,Lizzy's Life,191000,13,86774.0,4.3135,12167.0,0.0435798637711804,1
Entertainment,2015-08-21,UCZpb6kSSsBJU6WD9nTGV8pg,Sunshine Tarot,175609,669,87237.0,4.3615,14982.0,0.0242607983710313,1
Entertainment,2018-10-31,UCD8nU4_FhoqycZAAewPIVbw,Village Fishing,186012,13,88419.0,4.0895,13760.75,0.0879053790988275,1
Entertainment,2018-03-13,UCPPMnqv7AYKD7BlfpPXBVxg,Dimagi Paheli,197000,17,89239.0,3.925,14359.5,0.0351006976885126,1
Entertainment,2018-07-06,UCS2cmBM8WDhamAIBvASW_bQ,Vb Reaction,191000,91,89523.0,3.92,11884.777777777776,0.0408082812284811,1
Entertainment,2010-02-18,UCT5eM2EnUuHXIHhoygMKOFw,OSOCITYNATION,137000,91,89744.0,3.8835,11073.444444444443,0.0258288076058301,1
Entertainment,2018-07-26,UCBnHMS89gOpohY-DKy90ONg,Rider PH Studios,140229,3725,90116.0,3.7795,11277.5,0.0521143070260452,1
Entertainment,2017-11-23,UCjLoV6HS_hxU3Qg7NpJOBhg,Charmx3,175686,731,91089.0,3.7995,11081.875,0.028116166496856,1
Entertainment,2008-08-24,UCLgFrkLerL1QlPp6G3lRT4Q,StreetVue TV,192000,1356,91095.0,3.8085,10617.5,0.0210635909840576,1
Entertainment,2018-03-25,UCAe7WnQtaik7JPefZsh2TsQ,CancerMoons Tarot,181729,932,91800.0,3.813,11940.666666666664,0.0354723662156967,1
Entertainment,2014-09-22,UCuw8yh-DJxouJl_ULQS_IBA,YoutubeBassBooster,216000,61,92255.0,3.8815,13954.25,0.0187695318351646,1
Entertainment,2016-04-15,UCC_us2WcMgjSZa5HmTp2GvQ,BIBI CARS,169000,47,93588.0,3.933,10276.25,0.0219214112044735,1
Entertainment,2017-05-31,UC4f4J4bxnuyCl7QsqQKlQAw,Secret media hacker,168396,409,96524.0,3.563,11751.5,0.0257419450263764,1
Entertainment,2017-09-10,UCwMOto2vKN8G3qDyK0VAPpA,DiscoDog23,164000,42,96940.0,3.4375,10341.625,0.0571989664684352,1
Entertainment,2015-02-05,UCzkHbTcw-XzH9R8qc7FBXJQ,ThatBMelly,164325,17,97409.0,3.3520000000000003,14560.75,0.1234113975743272,1
Entertainment,2016-11-11,UC02y-Y6aGSsihOI2nnPyMiA,Trend Editzz Memes,140491,136,98257.0,3.595,14800.25,0.0750284795828197,1
Entertainment,2009-07-16,UCT0W-J7TMnuFx_m5IbeWHLg,earthtolylah,166000,47,99107.0,3.695,13536.3,0.0215476940094109,1
Entertainment,2007-02-27,UCvM1gRDTLxkrwFN-PWJ4KsQ,Ichinose Sama,123000,75,99724.0,3.7135,12317.625,0.0715595914689464,1
Entertainment,2017-02-23,UCl3qT3q6P9oppaSpYA7eCNA,Rayhan Cuy,176000,13,99750.0,3.717000000000001,13452.0,0.0208013489369856,1
Entertainment,2017-02-05,UC6yyS88aR_Ushkxv0Xla1hQ,Musically Stars,179836,32,99987.0,3.7125,12026.0,0.0229246091539966,1
Entertainment,2017-02-17,UCc4_f8M478hTPzKyGCMvOQQ,Township Official,162000,64,100181.0,3.763,14358.0,0.021156270966849,1
Entertainment,2012-03-04,UCGQ2Sr_tQ8YPbnfDHdKWRPw,James Munder,170000,4008,102180.0,3.849,12882.7,0.0206453166790912,1
Entertainment,2018-04-04,UCC373Ctr5fjbfYr7GZqSkiQ,Suneel Youtuber,156000,74,104468.0,4.457,10501.0,0.0471051597458022,1
Entertainment,2018-08-16,UC2FWu3RsYfv-JK46b3DppLw,Kaycee Rice,132000,34,106674.0,4.529,14659.0,0.0387384087345443,1
Entertainment,2016-10-17,UCyHUTSdOQKDkBukScZZ5BMA,TheHipHop Lab,142000,1422,107094.0,4.5285,10300.25,0.0200731852488034,1
Entertainment,2012-05-30,UCXcFa6wrB_-CIGxs4YSenWQ,caitlovesdisney,143000,107,108594.0,4.563,13917.0,0.0284606934610909,1
Entertainment,2013-06-08,UC6diDF6yyJ6EPVG80bMzTKw,PIERRE XO,135000,189,110596.0,5.029999999999999,13336.644351464434,0.0267632403965541,1
Entertainment,2019-02-12,UC8JDtXK1QHDo54bM6L-NuTg,Cam,146000,29,110874.0,4.9905,12602.545454545454,0.0884909295037314,1
Entertainment,2018-08-01,UCQKLdS_MZ2eCqGFJbDD5Uag,XTT,133000,93,112297.0,4.899,10788.5,0.0622864595527402,1
Entertainment,2019-01-16,UC6UzskfVDPkJ5aSe755ZGgQ,All That Official,91800,161,115260.0,4.6075,14997.333333333336,0.0550721192861543,1
Entertainment,2011-04-25,UC5VF66IZT8ZP-7Px1DLoO2w,Tejwant Kittu,139000,232,115811.0,4.618,14192.0,0.0228990666641213,1
Entertainment,2018-03-29,UCXW4-jg5b-aJ2RtycSnuN0w,Gaming MaNe ASquad,135000,32,116135.0,4.6195,11583.25,0.0389338609924921,1
Entertainment,2018-11-01,UCjskLZYNV279ZMBa-JMj3pw,Funny Challenges,108000,45,117576.0,4.5965,10478.0,0.0681006290662271,1
Entertainment,2018-09-23,UCtlG9FA46qQfhip1XAeRKTw,MikoMiko ミシェ�...,150000,116,118133.0,4.5305,10322.375,0.0518736112760334,1
Entertainment,2015-04-08,UCZbWROGgD3ATL6qJ62K2L-Q,Hope Schwing,140000,24,119125.0,4.099,10183.454545454546,0.0370783412505527,1
Entertainment,2018-07-24,UCc5RO7z2BYHeEffUQVuHCJw,LilKryptic,134000,17,120849.0,4.0035,12700.0,0.0361208697865391,1
Entertainment,2010-04-21,UCeCf8paRgQVz-KSKQcjUQiQ,IAmFawad Cinematics,126000,416,124565.0,4.1175,10001.0,0.0574647665788473,1
Entertainment,2008-12-15,UCKpH2KFEngc9Csp2i71znYA,SpaceShot76,127000,528,128611.0,4.096,13037.090909090908,0.0264925539639877,1
Entertainment,2013-11-24,UCUz48kE7seaoJHNyxv0czSg,Nichole Jacklyne Vlo...,139000,59,128653.0,4.088,11039.5,0.0211480328848389,1
Entertainment,2017-11-04,UCHeOGePn21MjTs24EJio7Jg,ShruHimz,131357,15,128950.0,4.066,10366.5,0.0261986076453726,1
Entertainment,2016-09-05,UCUmoHlZIkuEWZkg04DsNeSw,Rohas Reviews,120000,172,131542.0,4.3995000000000015,13170.0,0.0231783242481756,1
Entertainment,2017-10-01,UCQYcQL2AQYcurLwKgWu5U-Q,Silent Princess,119000,32,131901.0,4.597,14136.222222222224,0.0610940882001233,1
Entertainment,2016-12-16,UCY6rLj_3Xl1guRtp0nk9HtA,Chigo VJ 1,106861,308,133396.0,5.504,13574.0,0.041598996234088,1
Entertainment,2011-06-21,UC5nmS_-61cnDOcBGNlDLG2A,OGA PROMO,114000,85,136145.0,5.4845000000000015,10341.5,0.0375733614068879,1
Entertainment,2016-07-04,UCpM5eGWwbqcXv-__apM5J-w,Surprise Eggs,117000,49,138834.0,5.355499999999998,10611.111111111111,0.0409337761784433,1
Entertainment,2019-03-04,UCM7970FXAG68e49D0FOkS6w,Top In Viral,111600,41,141065.0,5.3405000000000005,14273.142857142857,0.0754031201088718,1
Entertainment,2009-07-02,UCN27za3wzItmyRV2O3N91vw,PierreBourne,100000,34,145863.0,4.125,11262.064150943395,0.0210711757824786,1
Entertainment,2014-09-01,UCQgYH0jzHqHFWLKvzcgCmWw,"Govardhan Math, Puri...",91067,2278,148329.0,4.3950000000000005,10573.5,0.0244104434500907,1
Entertainment,2016-09-29,UCooG7-JvYNaFcOeJemYNnkg,Eden TV - Business,97000,101,149114.0,4.7535,11788.454545454546,0.0281463476399304,1
Entertainment,2018-08-03,UCjnfXh2I3u0GAAHHrPe_PKw,MTV Rewind,100000,125,152896.0,5.2620000000000005,10921.5,0.0437460345790564,1
Entertainment,2017-05-01,UCfIAZ3sVDYGpd21jE1-uFIA,Iam PrincessCe,104000,77,153039.0,5.3020000000000005,10948.875,0.0312469870078456,1
Entertainment,2017-02-11,UCE72KAlR5Ayhwti6f3jepRA,Moni ́s Toys,98500,126,157374.0,5.4215,12421.7,0.0588669218602171,1
Entertainment,2019-07-01,UCCnWpQ_d4Y0xBHQZpEIdFcA,MTV Catfish,95800,53,157880.0,5.3685,10292.6,0.2330860848378014,1
Entertainment,2017-12-19,UC-pIl52jIuoZ6_yNwRiPaAw,ForlornFoundry,87500,27,158433.0,5.4255,11316.880184331796,0.0399523825511998,1
Entertainment,2017-11-06,UCc4SISE7iFV5sTAFaGAuFZQ,Raymon Lutam,94967,96,161050.0,5.428,14873.142857142857,0.085934214517439,1
Entertainment,2011-07-08,UCdFxV_gTUP_zc7RzSCzay1w,Ride with Sagar,90400,140,167943.0,5.399,12721.5,0.019591290847888,1
Entertainment,2017-11-29,UCutABHcSMkOOm917E7WJEAA,Star Detector,95500,70,171889.0,4.078,13538.875,0.0354790171266481,1
Entertainment,2018-05-18,UC35jAnv7S1-epx8gfK7rBuQ,MAHI STUDIO,82600,54,171939.0,4.0635,12120.875,0.0475821843621935,1
Entertainment,2017-09-03,UCTwl2GjR3ZDyWfTAOK-pbow,Julina GL,96600,143,172630.0,4.184,14105.5,0.052599465880727,1
Entertainment,2018-08-15,UC4UuW0GFQjvU68lH_yTUduw,Zahid Noor,82900,11,172686.0,4.186,14687.591623036653,0.0618219653046664,1
Entertainment,2019-01-08,UCBTLUmehSKxqBf6QbRGFEiQ,Benny & Boom,75400,50,172810.0,4.162,13734.555555555557,0.0517016619965646,1
Entertainment,2019-07-19,UC5hk6O61heulo6Ld-ZNP6WA,MTV's Ridiculousness...,85500,25,173926.0,5.275,12133.555555555557,0.2345596349418551,1
Entertainment,2011-12-18,UCwGNrZBEhXaCpOWDZMHzqNw,Kelly K,92400,286,174184.0,5.2425,11250.0,0.0217729857860168,1
Entertainment,2014-06-05,UCRMIpmTzHWj_LTQc7FPm6Tw,ITMB Shows,81800,46,181272.0,5.178,11766.909090909092,0.0208637811659643,1
Entertainment,2013-01-16,UCMIzG-KoDH7KFL-53x1Vw7g,KR Vlogs,82100,61,181333.0,5.229,14812.25,0.0354399831053067,1
Entertainment,2018-07-03,UCEUZtNDp7U6vO7FhFeqS8Kw,Ibiza Weekender,79600,124,182864.0,5.5855,13904.0,0.039618225494498,1
Entertainment,2018-12-28,UCfdAc9gCg4mBCdmDvaAhEfA,RYU MIXING,84700,50,184120.0,4.6135,13364.0,0.0553852291183116,1
Entertainment,2018-08-08,UCnxSUeHdIXH6HMJeL1iDORg,Man Expert,89610,64,184274.0,4.5625,10066.0,0.1004747059063597,1
Entertainment,2018-07-14,UC4kKYf3Ru4x60asq49tQ1Pg,Abby and Anna,89600,29,185013.0,4.342,11246.0,0.0329622153646256,1
Entertainment,2009-05-14,UCmwYOBJtCXPfxyqyJdTPyOw,PinkMetalHead,80700,367,187204.0,5.1145,10201.5,0.0196422234191546,1
Entertainment,2018-06-27,UCMooOouUOogKLftFs8iw8IA,Creative VN,69100,231,187888.0,5.8225,10173.5,0.0356619498589882,1
Entertainment,2018-01-21,UC_sVQlBK-Mj_vdxl5Cw2BWA,FRIENDS ON THE INTER...,77900,35,188541.0,5.7765,11438.4,0.0580623881398942,1
Entertainment,2015-01-02,UCv6UsSoyOakSLOKEYypCD8g,Learn with Ankit,65200,363,189770.0,6.0985,10786.0,0.0526783777712823,1
Entertainment,2018-02-13,UCv8CiE5850PC2PFcIiDH6vA,TICKLY,74620,48,194825.0,5.515,10369.25,0.0269291927756176,1
Entertainment,2017-04-08,UCOGe28zDOT2J2qyPCJFEMug,Going Viral,83100,82,196578.0,5.234,10531.25,0.0328772866120037,1
Entertainment,2017-10-19,UC0dRw0ddsxKOQ_haUbC7d-A,StørmEclipse :D,71200,186,198312.0,5.6345,11447.8,0.0543407829842215,1
Entertainment,2018-10-11,UCIEDgBRoqpqPRsgqABVcxNA,ღ iiAmMeap ღ,72500,53,200518.0,5.5085000000000015,13838.0,0.0470077339688242,1
Entertainment,2018-08-08,UCTWSPaO10RK2Tq-OcbxJv7w,KrystalClear Gacha11...,71268,93,200808.0,5.5965,11466.444444444443,0.0378772494534801,1
Entertainment,2015-08-11,UCVPgmnfgdUZV85yrO8vbn8Q,Kanekuo,71900,21,201496.0,5.6425,10723.75,0.0378984931706668,1
Entertainment,2018-01-19,UCsLAVemqvrJSfp914Nk5h6w,Endekollam,49200,61,205628.0,5.9635,13663.0,0.0350016875134707,1
Entertainment,2018-07-21,UCVvL3D-WehZh0ttgPIF_jsA,Foodistan Cooking,72800,33,205703.0,6.002000000000002,10803.0,0.0990821506529269,1
Entertainment,2018-12-06,UCoXr0xF37HVuECxJbP3a7Zg,C&C; Life,65000,62,206326.0,6.105,13740.555555555557,0.0387500613724378,1
Entertainment,2015-10-30,UCDxegpGzdcbkRyHgItPrcmA,Civilized,56500,906,210609.0,5.2875000000000005,11150.0,0.0399730241325135,1
Entertainment,2014-09-19,UCGZfih1zfT1fWB4tXGNxXvg,what's up guys,73692,160,211750.0,5.303,11033.125,0.0190794307817461,1
Entertainment,2016-12-07,UCmWknAIhK7G-_2j5tiC9Z4g,MJ Fun Zone,38100,136,213633.0,4.9555,11335.923076923076,0.0908335927272018,1
Entertainment,2017-12-20,UCBu9hUmF0FMO-1bPMoiGzlg,khmer music,59700,429,216685.0,5.016,10325.0,0.0236804572477905,1
Entertainment,2017-06-13,UCH31zsLUdjAJhGSsk562tSw,SuvTask,71800,20,218960.0,4.9375,12412.0,0.0593897685816735,1
Entertainment,2016-04-15,UCpTxiw8nB3VVSCK2zAMH8Jw,Magnetic Guy,71900,15,219995.0,4.792,10776.375,0.0391412660033646,1
Entertainment,2018-05-18,UClljezOM4UeJOfYNwAoG5Lg,MøønCity,66300,39,221212.0,5.695,13759.846153846152,0.0923963565776805,1
Entertainment,2017-10-01,UCYY7eShtbEBoKoLGDam2WTg,Awesome Vibes,67000,79,221479.0,5.7875000000000005,11839.5,0.027325091360158,1
Entertainment,2012-07-08,UCA3PiN-DkkTOubqAmMK0X4Q,Vashan Singh,59900,232,224810.0,6.722,12538.5,0.0247243839937002,1
Entertainment,2018-12-29,UCAcV9jpeIKusApWlwIJgnVg,ToyJuice,68300,19,231963.0,6.407,11527.875,0.065048976063466,1
Entertainment,2018-11-29,UCWKgble2YJQuDrt7I4bqXQw,ErmaUncut,46600,218,232389.0,6.4325,14977.909090909092,0.0395680977211682,1
Entertainment,2016-07-05,UCsdVtDoyYE4Rtf4yGf1ERRg,Tashu Edits,66300,93,234425.0,5.0125,14783.4,0.0191631537029234,1
Entertainment,2018-06-02,UCF2lBakFi3zVUDl4UL7KqiQ,CAN be the Light,54600,627,237139.0,4.8625,12541.026178010472,0.0533734274635918,1
Entertainment,2018-06-23,UCdTRDAsyqlvF5xnxlyGpb_Q,Mooni Jessica,59600,67,238277.0,5.627999999999999,12282.2,0.0469698411224025,1
Entertainment,2018-04-24,UCU3c4ZJxLd5rFZn3uqRrQoA,Silver Lucifer,56700,10,239269.0,6.507999999999999,14705.5,0.0421439042864971,1
Entertainment,2018-11-14,UCpcRP5PtxvtGfB_yZO4l27w,Princess T and Princ...,50600,52,245635.0,7.114,12287.888888888889,0.0365732649503345,1
Entertainment,2018-11-29,UCE9ZKI1b_PhVm3gejYuilhw,Impaulsive Clips,43400,75,250478.0,6.9415,13097.0,0.0257251753406571,1
Entertainment,2016-06-30,UCLifQZA3SyLUirg2e1L7v1g,Sweet Nightmares,54700,113,254323.0,4.859999999999999,14946.636363636364,0.0652418372170952,1
Entertainment,2018-05-22,UCB9xx4lJjbuuoeBqisPYmVw,Life Of Aubrey Banks...,53100,33,254677.0,4.958,12695.5,0.018841726121818,1
Entertainment,2012-06-19,UCjbheImTWW3DEJTuosUwO8w,BrezhfreshTV,53381,110,255066.0,5.257999999999999,14415.6,0.0200252943187813,1
Entertainment,2008-12-22,UCJNLR8uEP2wGM0rt89j68MA,Lex & Cinnabon,32200,322,261934.0,6.7925,11398.125,0.0606369085765033,1
Entertainment,2013-01-20,UC1cRaR1Aea6T9pQPesGUwdg,choptops,44500,10,266553.0,5.9750000000000005,11304.363636363636,0.0421312969044369,1
Entertainment,2015-10-02,UCsK4NY4Zyn_Tv3T7EKGmIhQ,Christopher Hiedeman...,35866,177,266648.0,6.0680000000000005,14021.777777777776,0.019357969821418,1
Entertainment,2018-01-26,UCI2eHxfCmxuSeZCCWwWOI9w,voice of himel,45700,28,267576.0,6.371,12101.0,0.0285051137370168,1
Entertainment,2018-09-22,UCZGy-dnnMmNErX8knxkeibg,ThirdEye Fiction,46664,11,269319.0,5.9435,12277.396226415096,0.0245243608602198,1
Entertainment,2006-08-07,UCCbj4XC2FfhhqmmB4E54diw,BOSS Night,49200,77,269680.0,5.8475,10271.833333333334,0.0463725542648051,1
Entertainment,2018-05-15,UCB0HnS2Ksu9bdK3w9KME-lg,ASMR Jay,49980,129,269930.0,5.9105,14054.5,0.0209193314053934,1
Entertainment,2018-10-15,UCfFmAhC2kkpoIfuToh_sHWA,Def Rolls,46000,189,270264.0,5.827000000000001,12889.0,0.0367953287902307,1
Entertainment,2016-05-01,UC6_Lm7O2UArufEp23vx4OZw,Moving And Linking,50943,251,271196.0,5.9405,10457.25,0.0252093307328336,1
Entertainment,2016-04-10,UCRyxUdVC3q6Hv0qv6KYLQLQ,Arman Ztv,49300,10,272545.0,6.0755,13380.896373056994,0.0268114612457326,1
Entertainment,2013-02-04,UCLEOFOaNynVkt5_Zyfo8q5g,Dash Dash TV,46822,55,282312.0,7.211,10741.0,0.0316021235487087,1
Entertainment,2019-05-07,UCrFPLRqIV4PASVF9svqCwaQ,ASMR Sara,37300,74,285023.0,6.815499999999999,12714.0,0.0730623231423271,1
Entertainment,2019-05-02,UCAiOTVzNRnFnQTz531DQP9Q,End Of Sentence,34600,52,291034.0,5.614,10941.3,0.0573271895056341,1
Entertainment,2018-06-08,UCk1tpwdYMycJUBumsGA56gA,Nippu Indian,41083,144,292148.0,5.1505,10689.0,0.0261570804976836,1
Entertainment,2017-01-27,UCCDgLJHu8dqjq71oXTpiv-w,Rose Candy,47705,153,293693.0,4.7685,10385.130434782608,0.0642310868386798,1
Entertainment,2015-01-04,UC2dFah3aSL1pztZ5WvSLkTw,Kionna Mau,43131,17,302441.0,8.8275,12395.75,0.0406169246456688,1
Entertainment,2017-01-01,UCgPEg597PGJBstBvQzXjldw,Mique MMD,38256,60,306093.0,8.758000000000001,14297.733333333335,0.0287613068045805,1
Entertainment,2017-06-06,UCQ5UsKEfhcALbnkFL26ekag,Strange incident,46748,58,310813.0,7.813499999999999,13442.0,0.0211433151018184,1
Entertainment,2018-06-06,UC2p58bdpYDj-HUQRso9fMmQ,Cash And Maverick,41322,14,310867.0,7.741500000000001,12862.0,0.0220073398945141,1
Entertainment,2016-01-23,UCRrFYoawiNIDm3rLULG_fMg,Glove,43100,55,314670.0,5.436,11794.0,0.0223980424803188,1
Entertainment,2018-01-08,UCQGlo03bnPENfsMdiVYpMLQ,VAASTE CREATION,45200,325,314799.0,5.4745,12876.0103626943,0.0245426755843809,1
Entertainment,2016-12-26,UCqu5oRBqzcQvnDkOnkL86FA,K Vibes Only,41700,28,319487.0,5.7305,11956.125,0.0276195828558352,1
Entertainment,2017-11-08,UCcgzVL9oXyxnU6M6IUD5DKA,Lazy PoTatO Squad,43400,47,330797.0,7.4375,11260.090909090908,0.0188204838756809,1
Entertainment,2013-04-28,UC5vXBfxN7rxKeJHJxS8dNDw,JonLevi,37400,76,336718.0,6.5665,12303.125,0.026817806990838,1
Entertainment,2016-06-13,UCdKORfELEoorLh8aaVQoEkw,Kenny TVUS,34400,72,347768.0,7.065,10716.0,0.0342390848774713,1
Entertainment,2011-09-03,UCpZr_vJFzcZ4hI43qMglvzw,The Four23,30600,197,359388.0,6.2105,10878.25,0.0331375730840306,1
Entertainment,2018-02-02,UCiSW8F45o1sVjxXBtwSfFlA,DHB Music,33468,201,359579.0,6.214499999999999,12426.0,0.0327716430104497,1
Entertainment,2018-04-24,UCwUQi1XG75VUDZ7APphPJvQ,Arrowverse United,34205,155,363404.0,6.625,13373.0,0.0253453824280875,1
Entertainment,2017-09-05,UCUWNk7x49XVLqmdsZW9Whxg,Galaxy's Universe,31900,128,364844.0,7.471,13643.0,0.0278203968792441,1
Entertainment,2017-03-19,UCtk-kp4fLJ-sZzWsVjGfG5Q,Advertising Company,27500,26,367235.0,8.541,14487.25,0.0203050076553715,1
Entertainment,2017-12-22,UCKeHu1GO5mSWVMHb3vhR7ow,Cambodia entertainme...,36900,28,367669.0,8.671,11240.5,0.0245414773192858,1
Entertainment,2015-12-18,UCjKDToq46jKcxWmpIsKbfOw,JDCx,33100,79,373321.0,7.4045,11034.6,0.0256850416459935,1
Entertainment,2019-03-23,UCXdXPP40MxqciipIQ8equfQ,BecaAneko TM,34700,83,377514.0,8.0355,13172.0,0.0398269804011672,1
Entertainment,2017-03-28,UClF-jOZXp68pXVHKk-VXWVw,Pastelize,35600,90,379048.0,8.128,10417.0,0.0248740096636343,1
Entertainment,2018-09-29,UCQ9PZ3GRVfU7kVMgv9Bm-cg,• Peachyii •,36700,36,379874.0,7.081,10529.0,0.0386059755632448,1
Entertainment,2016-03-31,UCKlhZXdxBuYX_AsPSHo9VSQ,Cattastic Gamer,31052,326,384273.0,6.5945,13385.0,0.0247510417751953,1
Entertainment,2017-03-07,UCKvza03nZF8NaEmDKuDadTQ,AdOn,25500,143,386754.0,6.7925,12926.454545454546,0.0369744428845035,1
Entertainment,2008-03-22,UCFVEaztbF779yYwwpJ2OueA,Garrett Gagnon,28900,12,393560.0,7.0295000000000005,11278.6,0.0284373454555395,1
Entertainment,2017-10-08,UCz3LbdUdKHSaCFB0WwhQkJw,Simply Kaori,29400,55,405829.0,8.276,10884.111111111111,0.0227901507185123,1
Entertainment,2017-10-12,UCUQLmK9DMN2Kjs_uMZGtUGg,6Cast,28300,126,411638.0,8.149000000000001,11858.0,0.0274319520079398,1
Entertainment,2018-12-20,UC7ZOYvcfwLzPTusqCAscvWg,Wrestle Bro,26700,36,413011.0,8.073,14600.818181818182,0.0279411578438128,1
Entertainment,2019-01-20,UCIgebNypFXJFC0_ViUn6dlw,Mari & Reso,25482,54,416712.0,8.1025,10507.666666666666,0.0457272148567699,1
Entertainment,2014-07-15,UCjOOWnMBJ_8iijO49-a1H_Q,Anime Wolf,29000,53,417278.0,7.9145,12786.6,0.025527554989163,1
Entertainment,2019-02-13,UC9_Tg0yLd1m7BHEElbcjn3g,Pancake Stars,25400,57,419140.0,5.9415,14626.9375,0.025545959734517,1
Entertainment,2015-08-08,UCANqmhA5jorkK_y9d4uMDEQ,Candy,27400,10,424989.0,8.783999999999999,10435.333333333334,0.0246256497352237,1
Entertainment,2013-02-23,UCwwkbkRTWFjS0ZGBD7A_2bg,TheEastEndBoy,23300,1148,425318.0,8.812000000000001,11993.333333333336,0.0202536059188146,1
Entertainment,2011-12-06,UCrpLk0DAyB2SAeJC7xW5NTA,Hodder Books,28424,391,426318.0,8.881,14372.78010471204,0.0037239579113567,0
Entertainment,2010-07-17,UCNfOjpwICvqRJdVnqpK7HDw,Yoonji Lab,24900,39,428011.0,8.821,12781.333333333336,0.0214259840292307,1
Entertainment,2018-08-06,UCUvgKqRq4nqCSld7aRS5g8Q,Best AniMe/MoVie Sce...,25400,95,428185.0,8.836500000000003,11013.25,0.0283635471938104,1
Entertainment,2019-05-16,UCkTMAoVvvBZjY51YX9vCARA,C’s Crazy Crossroa...,25900,63,433748.0,9.031,10789.777777777776,0.0451828882934832,1
Entertainment,2018-07-12,UC007OW0WVgYenvVJj1xpSgw,Status FRK,25700,32,438099.0,8.164,12573.6,0.0221792251033327,1
Entertainment,2018-06-03,UCA9prBbb8BN3LDAAolGJfig,BLUE FUNK,23300,72,442096.0,7.129,11911.363636363636,0.0698909694436912,1
Entertainment,2010-08-29,UCdSL8LbC4ttq4w2g4XThFSQ,Sheng Lin,26200,1791,442219.0,7.165,12857.0,0.0301336500265973,1
Entertainment,2007-04-13,UCw9WNYYxfE5eK687e3QzJjg,nicevisions,25323,2005,442527.0,7.1105,13264.125,0.0034915121884703,0
Entertainment,2018-04-01,UCiXHEwoWXgjuUkooLqbNq5w,Celebrity World,28900,29,442987.0,7.194999999999999,13007.5,0.0241179005440491,1
Entertainment,2012-05-11,UCDzDcWH1zHaKXxq8ownZtlA,Lexington ASMR,26797,13,443049.0,7.236000000000001,12519.25,0.0196847180077221,1
Entertainment,2006-06-07,UCugXynyoLxsRhVErw23b8cQ,Sunkee Angel,28300,848,443738.0,7.4425,14676.25,0.0036277652656499,0
Entertainment,2010-06-24,UCWBd_AFE6XPGXnrbZX1DNkg,Tech Solutions,27700,101,446923.0,7.256500000000001,14549.625,0.0038094510752764,0
Entertainment,2013-11-20,UCG48A_4vPrvK6LEYKN-nb7g,VapingWithThesis,26900,437,450474.0,7.3645,14715.25,0.0035658412539174,0
Entertainment,2006-08-04,UCu5rQw_Ap0QLGHWSrmze2ZQ,"Trading PhotoS, Vide...",26800,1107,450623.0,7.3995000000000015,14019.125,0.0035793228555565,0
Entertainment,2011-10-13,UCLDTEAWEG5WQyVoMMC-pqsw,Ashley Berges,23000,509,451263.0,7.409,13416.25,0.0201501232950911,1
Entertainment,2015-04-07,UCV6TSj-esQdx-Kted5FvehA,Jatin Arts,27100,50,451624.0,7.3424999999999985,14631.858638743455,0.021948943898538,1
Entertainment,2007-06-03,UCAu-sRUseo9aiVOb2Rebcag,2007suprasport,25100,301,457186.0,8.0695,13729.0,0.0035160173963786,0
Entertainment,2013-07-04,UCFfPZTtTem0lg_Fl0KOtkxQ,J.LattimoreVlogs,26600,282,457187.0,8.073,14018.0,0.0036926068723888,0
Entertainment,2016-04-04,UCegApUZsuaWaXYf5g9W8Mzw,KBC Channel 1 TV Sho...,25100,891,459771.0,8.7085,11489.0,0.0373588282571012,1
Entertainment,2011-04-20,UC7NgT1HRGxTtaRBilTKA3FA,TheBudgetJedi,24780,96,464247.0,8.336500000000001,13004.0,0.0034532557400278,0
Entertainment,2017-05-08,UCrhP0cueRMTjidztZj-9ZbQ,Smurfstools Music Ti...,20600,566,466319.0,8.051499999999999,11194.4,0.0195772978996757,1
Entertainment,2007-10-14,UC-09JbCrEcB8UdiLcgx0TuQ,AdamCWM,25300,151,471078.0,7.893000000000002,14393.5,0.0031544776715721,0
Entertainment,2006-04-14,UC-Q3IofPhP5r5inQCwD8kWA,Brent's Lucky Slot C...,26300,478,471154.0,7.7375,14559.666666666664,0.0034925744208223,0
Entertainment,2008-12-08,UC5df6jGSOVxiYN57QET2Rug,Rays of Sunshine Chi...,25500,143,471634.0,7.486000000000001,14744.5,0.0030248207124101,0
Entertainment,2011-09-26,UC6dhSX5G06f2lluNk8QIt7A,heyits gosha,26800,135,471758.0,7.2705,14651.75,0.003729631903307,0
Entertainment,2007-10-26,UCY-guHoZwScyN6yRyJRdNOg,Nederlands Dans Thea...,25003,314,472646.0,7.017,13436.125,0.0033180497889383,0
Entertainment,2012-10-12,UCImZZqxoCTUs4W_3_l0_Okg,hatsune alicorn,26700,79,472803.0,7.39,13886.75,0.0038585991287961,0
Entertainment,2012-06-02,UCj19dEjI_tARelhv-0SFaWQ,faye singleton,24200,242,476791.0,9.064,12201.267015706806,0.0038223207507495,0
Entertainment,2014-07-22,UCPENxjKV07HJyp3KmSXAxkA,eunoia,26000,42,477435.0,9.1225,13528.5,0.0038194607637687,0
Entertainment,2009-11-26,UCRiqqbn6lbWuNH4zqab_NEg,Salastar Productions...,25500,99,486493.0,10.3455,13395.666666666664,0.0035156275470399,0
Entertainment,2019-03-31,UCx_5q5wxThpLP_IZpEpayDQ,Masala Reaction,18700,81,487668.0,10.4165,12983.615384615385,0.0392587335828107,1
Entertainment,2019-01-13,UCflUXw-mWXkvRQrmTdUwvDw,Embayette,13400,41,488970.0,10.407,10444.555555555557,0.0283838457539713,1
Entertainment,2007-04-14,UCAqrFt8j0GM4yS0c0dmjTZA,DFPUR,25200,86,490979.0,10.1295,14802.375,0.0029520057836583,0
Entertainment,2007-05-16,UClHqKLdsogWToHIjybzzN3w,alanszabojr,23700,362,492959.0,8.78,13951.25,0.0028054143164397,0
Entertainment,2010-08-01,UCfbINmFnhxmVCzYLGPrJ9-w,DarkPurpleKitty,22600,67,494907.0,7.696499999999999,14912.5,0.0024580784629739,0
Entertainment,2011-08-08,UCJAlKeRhLU4WisOgSfDTBeA,The Tribe (Official)...,24200,636,498558.0,6.5355,14392.25,0.0029755353589771,0
Entertainment,2007-07-17,UCtaA2K3bIiAT-ddPRfIsTgQ,KK Fung,23400,259,500070.0,6.0865,12315.111111111111,0.0035204961597152,0
Entertainment,2006-10-29,UCKFvIiBTKxOQLdFXp5u6C6A,Mnozil Brass,24000,37,500363.0,6.1255,12340.111627906976,0.0036270316951074,0
Entertainment,2006-09-06,UCVoT8fZqVM44z6huWSaxUIQ,NatGeo UK,19900,738,500679.0,6.1400000000000015,10200.5,0.0035553971474295,0
Entertainment,2008-01-22,UCxojUSMnefznjwTL2HDncog,sfdebris,22200,144,503957.0,5.8165,13626.75,0.0026759720006961,0
Entertainment,2011-02-07,UCTVVPdbc_B5XuhWHxXfyuYw,Kind Music Group,22600,15,505044.0,6.3445,13623.333333333336,0.0032747414827476,0
Entertainment,2014-01-04,UCfxzpCXkE3IkpuAJ7oXi3jg,ASMR Attack,23500,316,508678.0,7.4005,13804.0,0.0029633509191577,0
Entertainment,2006-03-12,UC_oe3z-MmiibqNtRvBKZQig,TimHortons,23100,196,508944.0,7.644000000000001,13609.25,0.0029628615580469,0
Entertainment,2014-11-11,UCeL4bsWHfMBIoaPTlQDC64g,ABC Indigenous,22600,279,511611.0,8.961500000000003,12829.0,0.0031142002720706,0
Entertainment,2019-01-14,UC9kEr3h48QiZ0U4JNWdMz6g,Roxy _Infinite,20200,15,514599.0,9.4435,13113.692307692309,0.0295284557981988,1
Entertainment,2009-12-04,UC8t0rxOZAT0JhFyLPTGHo6g,Superbrands TV,21252,194,520144.0,9.4685,12616.625,0.0032727325460487,0
Entertainment,2006-10-06,UCuk_JnzBNk4BOwWYH9lcCIA,gusuavo,19351,42,521585.0,9.9205,10518.659685863877,0.022402077078706,1
Entertainment,2012-09-30,UCoqVzLVnA5WQ8Whf0tbtKhg,FlexBros,21100,333,524289.0,11.027,10883.0,0.0037252818183767,0
Entertainment,2009-12-30,UCjmaP4EtTKf7J44EPlqwFPA,Model Railroader Cha...,22001,196,525225.0,11.2455,14772.38219895288,0.0021737201105753,0
Entertainment,2014-02-23,UCu74EMFbgw23Dl-6WNCiD2g,Tots Toy Collector,19932,392,525507.0,11.15,10074.0,0.0037294513861251,0
Entertainment,2014-11-11,UCRxtT4HdYB-Ff2G3TnIBPOw,Jose Perez Jr,22700,118,525880.0,11.1165,11455.781395348837,0.0037057650181679,0
Entertainment,2009-11-03,UCXEMgCDhuIt1ZhIRbe6B9GA,Simply Hike,22400,2414,527749.0,10.9765,12023.0,0.0035335200035512,0
Entertainment,2013-08-27,UCQDWUEHDsFmIlQ5_54EnOig,OLegendStudios - Pra...,20800,112,528388.0,10.6865,11149.875,0.0037123696253588,0
Entertainment,2007-11-19,UCUtC8mAxcV7ALdwK9EMwJAg,The Webby Awards,20800,2431,528415.0,10.6825,14555.0,0.0020188265632462,0
Entertainment,2011-10-29,UCXH4kJv2wwb9VLOcYPuoGJg,VELL TV {LAVELL FiLM...,22700,439,529554.0,10.326,13781.75,0.0026458656896372,0
Entertainment,2010-05-28,UCVDltIrs1_uH1RCDLckmJog,Salvatore Ferragamo,21200,351,535740.0,9.424,10751.25,0.0035604247426278,0
Entertainment,2011-12-30,UCH7TnrwDledMACTmQMSpw4A,LPSchib,22545,84,535978.0,9.202,14106.0,0.0026788269210451,0
Entertainment,2009-09-14,UChdJmJn1daSLO7W4_vGJsMQ,gotrocksinhead,21900,278,536057.0,9.099,12433.0,0.0030878108922364,0
Entertainment,2007-11-28,UCDypbZfvVHzidMPwNobchOw,CHAUVET DJ,21800,686,537174.0,8.8745,13086.75,0.0027066419405683,0
Entertainment,2006-10-25,UC3EmxrWVl7K8xBH_UVIWY4Q,dailymirror,22100,2345,537299.0,8.8765,14186.333333333336,0.002428282825825,0
Entertainment,2006-06-16,UCF6-3Lw4dTU0bHOPLZUM5jA,Luffyiscool,22600,771,539458.0,8.3955,12186.75,0.0038737833299808,0
Entertainment,2010-04-10,UCBuEPhk_VtlUNHCa-7vAlIw,GeckoGuy,22594,743,540566.0,8.640500000000001,13574.5,0.0028795068712429,0
Entertainment,2011-10-26,UCsDQNLM036Ok-a7y53W7Cvw,KONARTISTFILMS,21900,1180,541758.0,8.698,12384.375,0.0030563821204959,0
Entertainment,2008-09-08,UCYUz9LW6Bq281CMW1gF0rhA,o2ukofficial,22015,247,542009.0,8.737,14873.444444444443,0.0020944347060511,0
Entertainment,2011-03-23,UCV7eKepD9v4IeU99ndTV14Q,Richie Branson,20100,90,543498.0,7.8265,13832.75,0.0020836441080045,0
Entertainment,2011-02-04,UC7BX3sFlbDpkT2ZO4kUnfIw,RealJoseGuapo,21440,218,544918.0,8.168,12409.0,0.0029707235152004,0
Entertainment,2007-06-13,UCimeSn4jbGeMCCvGOSp_C5A,"RE/MAX, LLC",21200,494,546094.0,9.708,13607.0,0.0024188877529206,0
Entertainment,2012-06-17,UCiH3fvTz5Ym04hKxqCfT_oQ,Erica Fett,21400,34,548779.0,9.6405,10623.0,0.0038517474952939,0
Entertainment,2006-10-28,UCtQ9YMg36dECNiltG2GeejQ,SoulGardenTV,20100,18515,548913.0,9.651,10928.25,0.0034318726082783,0
Entertainment,2006-05-17,UCP07Px0PRJBi1bdpCvUxgjg,Tom's Test Kitchen,21200,608,548919.0,9.6575,11805.0,0.0033463085655086,0
Entertainment,2007-11-10,UC9t_TQhxcbmqOd0E4xvW9tg,Backstage Vegas TV,20400,181,549670.0,9.6275,12486.75,0.0027692995751161,0
Entertainment,2012-04-03,UCxANyRzvWuk9A5r71joGNNg,Future of StoryTelli...,21300,307,549909.0,9.6585,14275.875,0.0022145996608574,0
Entertainment,2011-01-28,UC4ZLvAb4o3TI3o4bqZt09-A,Dreamsofbabys,19700,165,552314.0,9.753,12245.0,0.0026315665701562,0
Entertainment,2011-02-09,UCfqQyyAY_0qg9jLSJcgRzbw,mypalalex,21200,1436,553199.0,9.705,11162.875,0.0036001601379015,0
Entertainment,2009-04-21,UCY1DLASyRm6jxVbD4Ca8tuA,Satisfying Sapce,11300,19,559226.0,9.505,10100.0,0.04372355098059,1
Entertainment,2007-12-14,UCNC7WzqYSRKwTJY2O0Bah_g,LadyMagiccc,20600,438,560443.0,9.421,14374.555555555557,0.0020372781321877,0
Entertainment,2007-08-15,UCg9o2fgvhIPlow5gi0sc-1w,Alvin Ailey American...,20100,147,561116.0,9.695,10749.0,0.0033973113214455,0
Entertainment,2011-11-02,UCsUyJGEIAIKb1akbYBMZK8A,sexyfeet002,20600,1656,561543.0,10.235,13796.0,0.0022927563553473,0
Entertainment,2011-10-29,UCBQqk9LyKqQPb6lM6aoz_nQ,Book Riot,20800,1071,562435.0,10.6355,12043.39534883721,0.0029647041488696,0
Entertainment,2009-12-21,UCm11e6gbY3yaSuIHD4yrxDA,TALCvids,19200,1189,562604.0,10.447,10395.25,0.0033211698836586,0
Entertainment,2010-12-29,UCLNLll2qswZmc6KbHpHg8vg,Warner Bros. Studio ...,20900,54,563023.0,10.1025,10426.75,0.003795876939985,0
Entertainment,2005-09-28,UC9EAxfRy8QWR5rW-jDIF1ow,jabman025,21100,315,563378.0,9.975,12715.0,0.0027399053177426,0
Entertainment,2014-02-09,UCM6hNWdSyeujhHr3hNQI4mg,Kids Sweet Cupcake,18900,109,563416.0,10.1235,10973.125,0.0029253677781435,0
Entertainment,2012-03-25,UCusL-9Uivzs7X7RnfMQrQAA,THE ROCK FATHER,18900,315,563420.0,10.0955,10403.666666666666,0.0035596940293664,0
Entertainment,2008-11-15,UCjyEkKmscLfk-ZBsGq0ULuA,Voodoo Moose,18900,17,563426.0,10.2385,11548.0,0.0028601460500256,0
Entertainment,2012-08-13,UCD-bUhgswW0fJVyYA31m_lg,The Qontinent,21200,72,563475.0,10.28,12889.5,0.0027966901585275,0
Entertainment,2006-04-13,UCyj6ua3llD4Tg4v_0nVMilw,Ameyaw Debrah,20500,1333,563659.0,10.0965,13605.5,0.0024100751568809,0
Entertainment,2012-08-03,UCYq4X9Or4Y4203E-IyWiP1Q,iluvallmybabies,21700,862,563994.0,10.061,14611.75,0.002392762898183,0
Entertainment,2012-06-26,UCs7DLWhNyBfinMLGibwCRTg,BattleFestExtreme,19900,479,570224.0,8.604,13707.0,0.0021640267563394,0
Entertainment,2007-04-08,UCV79z-PD2WoJWDoE6jErY-A,EpicBattleReenactmen...,20400,52,570820.0,8.6755,11843.5,0.0030978697042223,0
Entertainment,2006-11-05,UCUVHfEfbUIrRbWJ7moapVBQ,Spawn7896,20159,2781,570964.0,8.6955,10787.375,0.0034839324986216,0
Entertainment,2013-09-20,UC_b3p6ISMj_txO90uM0c5Qg,PatentYogi,18741,144,572258.0,8.786999999999999,11059.25,0.0030215492499474,0
Entertainment,2006-03-29,UCDYX2oliK0oKUIQtdpSh_tg,HUYSER OFFICIAL,18700,17,573677.0,8.877,11613.25,0.0222156132927745,1
Entertainment,2014-02-11,UCj9h4FUyAQQh3TpVdfEhxww,Best of Battle Royal...,18700,239,573682.0,8.875499999999997,14480.5,0.0032209223761051,0
Entertainment,2009-05-12,UCMaXMLh-VRG758M0VbR8ppA,gshockus,20200,398,575036.0,9.000499999999997,10536.0,0.0035861744470193,0
Entertainment,2011-02-18,UC3AJsZlfCUUc4hzeqL6islA,wwjoshdew's 2nd Chan...,20800,226,575650.0,9.029,13004.5,0.0026743312806274,0
Entertainment,2018-11-27,UCzrKSPMhDNBatfoxcuKj7vg,PokeMax HD,18438,39,576179.0,9.069,12654.888888888889,0.0272572400522422,1
Entertainment,2018-11-28,UC-vaWENioxDeScjGYKA401A,Yama SBV,20200,11,577453.0,8.999,10652.0,0.019595077513242,1
Entertainment,2011-06-30,UCRyRtYuxnzBnfvjFVj14fUA,OSTBLOCKSCHLAMPEN / ...,19652,236,578666.0,7.422000000000001,10278.722513089006,0.0035319038975778,0
Entertainment,2012-02-29,UCCknTTN66KgloQKVCszO2uw,luvforzendayac,19700,273,579096.0,6.832000000000001,14638.125,0.0017121158283761,0
Entertainment,2012-09-12,UC2xy1J5aB3EsQUyz137KcCg,LotteryProject,20100,1339,579654.0,6.6475,13108.75,0.0024520370896895,0
Entertainment,2011-10-12,UCKQCZ0Js1ENx5RaMxko-TZw,ivymuse,19500,528,579720.0,6.5955,11593.0,0.0030198666181269,0
Entertainment,2011-08-26,UCZ510ij4NG29m3BF8eXSDPQ,RocketPunchArmy,18700,792,580044.0,6.325,10066.0,0.0034070104549096,0
Entertainment,2007-09-02,UC6LhHH2HoPza7xuA1Q3mdgg,SHWELL11,20700,959,580046.0,6.3165,10880.5,0.0035810128314187,0
Entertainment,2015-08-01,UCaPOgPY1g2gm3Sy-zWkXVPw,BEATFINITY,19800,79,580730.0,5.877000000000001,10140.375,0.003889940301092,0
Entertainment,2011-05-31,UCsErMD9-0XboupUiEViwJ8Q,BeaKid1994,19700,44,580737.0,5.847,14638.5,0.0017112157602739,0
Entertainment,2014-03-23,UC6lahPjWHHhfwr5rTQqHYKw,Masky Kun,20130,396,580887.0,5.6515,14899.0,0.0016579124527472,0
Entertainment,2008-08-27,UCYwv-mrUAbFsGUl0mS0KgvA,Kamryn Garant,19700,321,580953.0,5.54,10412.0,0.0035035188787622,0
Entertainment,2007-01-18,UCch1N636R6djAQKNkCVS64Q,Limburgs Vuurwerk Te...,18940,609,581916.0,5.3385,11619.875,0.0026676386371112,0
Entertainment,2006-07-17,UCX4VsVKy1yu2U0SH87VOoCw,James Delito,20000,17,582030.0,5.4845000000000015,14377.8,0.0037030922524041,0
Entertainment,2012-11-04,UCg0jHo7wYyGe434Tmm3pPNQ,Haley Small,18500,88,582209.0,5.66,10807.020725388602,0.0035444208425863,0
Entertainment,2007-07-17,UCCBg60LfTbGQLa60A_IJP0A,mah81164,19700,139,582346.0,5.584,11059.0,0.0032587357732394,0
Entertainment,2011-01-25,UCoOkjI-ct82wTD6GVhPOeYg,Toy Bounty Hunters,20200,310,583165.0,6.6355,14189.0,0.0019479515118221,0
Entertainment,2008-03-03,UCg7UiV5ivTQvPn07BF0UKfw,Magia y Curiosidades...,20143,352,583227.0,6.5955,10987.0,0.0034055021388944,0
Entertainment,2008-03-24,UCwWXyQBrztfCnsMI6CFJfpg,DagaYemar,19225,485,583458.0,6.7075,10980.5,0.0033557471054322,0
Entertainment,2010-09-27,UCKXblbFdykYVEuqr5x4hd9Q,AutistiVision,20000,799,583665.0,6.641000000000001,14111.25,0.0019260528682835,0
Entertainment,2007-02-23,UCUd6ddevBKQup7MED9OAeNA,Nicholas Jacobs,18500,317,584084.0,7.446999999999999,14287.0,0.0011969501264846,0
Entertainment,2011-11-06,UC0DSVYvDwQie6GX2zN-UPaQ,DeQueen Phillips,11000,28,584163.0,8.0235,10210.75,0.0028673184553357,0
Entertainment,2013-03-08,UCSO5n9HXwDMPqr7DHEIMxHA,BodyOfLegends,19600,627,584408.0,8.837,11243.0,0.0034575907861884,0
Entertainment,2010-02-04,UCppuObQHn8alCHGGVESilhA,Stefan Schmalhaus,19311,199,584510.0,9.694,14346.52879581152,0.001602835512223,0
Entertainment,2010-05-09,UC3L-ISEoCU19l9KC04HydNw,TheSerialLove,19100,514,584524.0,9.7155,12221.625,0.0025192730562514,0
Entertainment,2006-11-03,UCBTTI-zUgbt8whLszMqjvZw,The Unipiper,19300,119,584560.0,9.7575,12635.0,0.0023819937215182,0
Entertainment,2010-09-23,UCjPRIvq9yIeXjim8yxhd0dw,Colibolo,19200,32,585960.0,10.027,10124.625,0.0034569357537218,0
Entertainment,2015-06-15,UChb83McROe3CC2b-luZ_u3Q,Shadowhunters Update...,18088,450,590330.0,10.5355,10659.5,0.0037199416042213,0
Entertainment,2015-08-04,UC9xfYf1HwJ_8hGD8Y3nESQQ,WildBrain – Toy Bo...,17300,528,591644.0,10.916,11262.5,0.002449844205737,0
Entertainment,2018-02-04,UCoDLDoYGiTV-gDAUfXO9knA,Assassins Haven,20100,116,592334.0,11.1255,10110.0,0.0208738440284265,1
Entertainment,2007-06-19,UC4wLQT4EJgeckZexDlHINag,The Knot,18800,64,601305.0,11.655,13490.0,0.0019470189430738,0
Entertainment,2013-01-20,UC4YRXy9WyEYF918eLbm1tqg,Sunpatch94,19100,744,601410.0,11.675,10927.625,0.003460388581999,0
Entertainment,2014-02-13,UCkkVI9lZqlTh1K6n4PGw24w,Lets Get Lexi,16100,414,601933.0,11.3945,10185.75,0.0033579184140683,0
Entertainment,2008-03-10,UCyH5RQ8JOHH5t0c2zplGnSA,Jesse BassFelon Adki...,19100,422,602337.0,11.041,13690.5,0.0018566651168494,0
Entertainment,2007-10-06,UCoCl54yLw8AqbvRLCYcqhlw,clairesallotment,17800,549,603914.0,9.766,11150.5,0.0026553313321258,0
Entertainment,2012-10-01,UCPbDUAnFF5oKVwpUhm0Ld2g,Kaypoppin Unnie,15200,21,605089.0,9.804,14691.0,0.0014174710208541,0
Entertainment,2014-03-03,UCScUml_2BaaCRKHPaMh3LfA,Devon X Scott,18845,232,606854.0,9.694,12612.375,0.0023655983574123,0
Entertainment,2013-04-08,UCKPhgdN-i94ZcRgRsQQPtyw,Sensei Davyd,19600,1093,606905.0,9.7175,11429.0,0.0031889430023408,0
Entertainment,2018-07-20,UCOsCtXYFDpisRSt2Xg66CDQ,ALYIN,17323,86,607319.0,8.4015,11327.888888888889,0.0313068286246982,1
Entertainment,2019-06-04,UCO2qwFUKVOKefz8i5NZXjYQ,Emiu,17340,29,607345.0,8.251999999999999,13473.0,0.0264323382577943,1
Entertainment,2010-04-18,UCa-sw2Y_zBV7evFQ6WoXwQg,SpartanBoy Studios,18900,271,608326.0,8.3725,10251.625,0.0034779806049294,0
Entertainment,2011-03-23,UC50sKn9dtlLrV0v8_6NqB2A,Wipeout ABC,19293,150,608779.0,8.497,11164.429319371728,0.0030011599669422,0
Entertainment,2010-10-17,UCbluoU2Xm33eBHiuYBEbLAw,Mega Ran,18400,587,609827.0,9.077,11197.5,0.0029103257525918,0
Entertainment,2010-11-24,UCvCIx7Eq9Vvb2FFaj-iiaxQ,DrummagTV,17500,519,610259.0,9.3085,10193.0,0.0028381468523358,0
Entertainment,2006-04-02,UCA02cSK6-fQpQ9yv6oNY4bw,SupDawg444,17500,278,610268.0,9.3035,14879.0,0.0010758331517645,0
Entertainment,2007-06-03,UC1_mZWF6rvsGAEd1xEVciWQ,Jor-Els Alexandria,18700,2629,611811.0,9.45,10273.625,0.0034344014991648,0
Entertainment,2008-05-14,UCBpE9yJl3l7SP_jIi1Deadw,ACM - Academy of Cou...,18800,998,615324.0,9.891,11860.0,0.0024752350884681,0
Entertainment,2013-12-13,UCtuT8nWgq9_DZF0JC1p2fAA,John Simkins,18700,429,616579.0,9.9565,10279.0,0.0034765217466135,0
Entertainment,2006-12-16,UC-bbXGgvUq-RxOKlag2jszw,One Fantastic Week,17800,359,618208.0,10.3495,11832.0,0.0023355430564439,0
Entertainment,2011-07-05,UCTyDnVoSWqpUeESTH2b6zjA,ImSuperKaloy,17900,209,619608.0,10.697,10411.25,0.0028263454490133,0
Entertainment,2015-08-02,UCj-kqJq8a0smKp64k0oiP-w,Cazadores Latinos,19100,335,619783.0,10.6625,12492.6,0.0031605976281641,0
Entertainment,2006-08-14,UCGTWIrK5DRo3UeJckGutILw,Diane de Mesa,17900,492,621024.0,10.585,14254.666666666664,0.0013228152669516,0
Entertainment,2011-12-20,UCWtNEz2ghbKCszzhbAYmLZw,GLOBAL MEN,17200,79,622272.0,10.7335,12944.0,0.0028117569109995,0
Entertainment,2010-06-02,UCAXNc0DAhSEgqhn3LXQHL7A,lesmiserableslondon,18100,109,628798.0,10.9535,13776.979057591623,0.0014898000805756,0
Entertainment,2007-03-08,UCs76ZitWNjZayv059Fh9t2Q,bloodrunsclear,18200,614,630173.0,10.6605,14587.0,0.0012355690552451,0
Entertainment,2010-05-22,UC4VkIckE0VUX_nZwoAUsd9w,Il Neige,16300,111,636828.0,10.1255,11227.375,0.0022382533826112,0
Entertainment,2008-07-13,UCPWV8rNVp8x4ICccbYmcLLA,Steven Rachel,17437,577,639256.0,9.936,10012.0,0.0031815894025601,0
Entertainment,2008-02-01,UCYNx2Pa6IBQ9ajOLvWj_GKA,GIOSTEALTHR1,18000,553,639747.0,9.855,11889.0,0.0023002941130585,0
Entertainment,2008-07-07,UCKnEC2Ba7zjNbwT3HKDhKHA,Idalis Marie,16600,88,640182.0,9.625,10991.25,0.0022505195964479,0
Entertainment,2010-04-15,UC9AzEnHqvh1-xyNRHbvJlZA,Faithy,18100,73,641147.0,9.557,11385.5,0.0025651181077664,0
Entertainment,2009-05-18,UCGsUm99_66aZgPIl6JKgqTA,MrStillStanding,15200,1556,642623.0,9.5955,11313.0,0.0017328834380737,0
Entertainment,2014-09-04,UCxOFxoKkdFMYvqwpG75l4Tg,Brand Dork,18000,51,644573.0,9.026,10875.0,0.0029326421629191,0
Entertainment,2011-12-16,UCOJqlS4u51pdkfgvK-IDpRw,ROQUID DUO,17600,10,645283.0,9.136,10953.0,0.0025323332297513,0
Entertainment,2007-09-16,UCd4YDG_SWth2kRSC4kb_l-Q,Kayla Watson,17900,340,645826.0,9.1655,12928.0,0.0019138664495139,0
Entertainment,2010-11-30,UC-xRkY_xTVAy0kwjlX8s_Xw,Cody Lefever (GZCL),16100,472,646070.0,9.3215,12575.375,0.0014535583608943,0
Entertainment,2009-10-17,UCQopvHZ60lVKRsqn9CptC2Q,SpartanJohns,16100,410,646098.0,9.6065,10320.75,0.00245270520667,0
Entertainment,2014-05-27,UCgfRb1B6wQcO6zT6SKxSE6g,NobleArtist,17500,236,646877.0,9.8845,10656.75,0.0028024225958048,0
Entertainment,2013-02-18,UCoStvdzbIhGkkCifH5bjNug,Allen Nguyen,18000,160,648190.0,10.2785,14962.875,0.0022332330560693,0
Entertainment,2012-06-07,UCnZW16aY9qADPpnv8Ke2ALA,Hillbillyweatherman,16200,115,648545.0,10.051,11210.5,0.0021020013076014,0
Entertainment,2009-01-22,UChkW7iLfTyDEECm0LmYfd3A,DeadSoldierInc,16000,94,650232.0,9.673,10756.0,0.002254488857506,0
Entertainment,2008-01-04,UCgLx2tVyszM1U8M2GEbqRQQ,2P [Thoopje],17700,167,650837.0,9.505,14065.5,0.0015724452760626,0
Entertainment,2011-11-28,UCnBr80WvCgpZOsutURnbJdA,NDLMongoose,17600,263,651164.0,9.4835,12024.75,0.0020067880977867,0
Entertainment,2014-06-26,UCGJfRTVrSE--A8Bl1AnFK-w,Wolfshadow LPS,15600,91,651421.0,9.39,10007.5,0.0024574035450735,0
Entertainment,2008-06-26,UC6RP4MdgMvucc8kCoRNFd1g,MBRP Performance Exh...,15600,198,651459.0,9.2105,10496.75,0.0020829874180413,0
Entertainment,2006-10-15,UCrkVHV7AXm4KVFGUDZmFYcQ,Skarloey123,17000,117,651696.0,9.162,14683.0,0.000865403954152,0
Entertainment,2012-03-12,UCSmNpClVlh_6sEs3pnDJCcw,Joffrey Ballet Schoo...,17200,167,653117.0,9.0085,10529.333333333334,0.0027088220992269,0
Entertainment,2009-09-22,UCR_qY4-8hYYTrkc-LsJ5Hxw,virtual-studio-set.c...,17200,721,653356.0,8.950000000000003,10018.75,0.0029008181701467,0
Entertainment,2007-12-18,UCrJOTJzJQosapWTBsfMXrSA,djlafuente,15900,66,656759.0,8.4995,12615.5,0.0012839359803372,0
Entertainment,2006-02-08,UCecotp2ilY6u8ZWjU1jr2WQ,Chuck Dowling,16700,543,658180.0,8.276,10205.25,0.0027239387437146,0
Entertainment,2013-12-09,UCio6h7M9OmZDviJOhg2_b4g,VikramSingh NinoX,17271,66,658733.0,8.1685,12805.666666666664,0.0017236369683151,0
Entertainment,2012-05-29,UCWChoBDVJKpoo8n8xyamNmA,Paramount Movies Aus...,16700,82,659525.0,8.074,12758.375,0.0016554613853491,0
Entertainment,2007-08-02,UCCJ_15eH8g2rYKOvrYM0erQ,Blood_Wraith ‎,15500,161,659946.0,7.985,11370.375,0.0017988921028652,0
Entertainment,2009-07-27,UCipNcPYwlnFLGGA97NChT1A,Igor Garnier,15500,166,659984.0,7.982999999999999,12773.25,0.0011229859802158,0
Entertainment,2011-02-08,UCudNKhI0OiT7KbDKH53kgzQ,MSammy1000,17200,59,661693.0,9.348,12889.222222222224,0.0016560995220794,0
Entertainment,2010-09-21,UCKpQh6AeQaU1t6XE_G5jAeA,Ruben Diaz Flamenco ...,16706,2106,661997.0,9.679,10130.0,0.0028041107995734,0
Entertainment,2006-02-07,UC5gFwZbXrKFasEP9dBlCgSg,Lipton Tea US,16800,73,662317.0,9.985,12385.5,0.0016858955037551,0
Entertainment,2009-04-08,UCIwM7XnDFaw33oEWN0iZCmw,Jonathan Rector,15776,557,662843.0,10.54,12888.0,0.0010900630596351,0
Entertainment,2010-06-12,UCkzEZEBKizxOw5HK6FUlwtg,VG934,17300,74,663117.0,10.0165,11596.888888888889,0.0022597494032865,0
Entertainment,2010-05-29,UCdZKYSLL8m5IYpFXLJHj-tw,Venika Mihtarska ART...,16900,59,663125.0,9.97,13691.0,0.0011915834605716,0
Entertainment,2010-03-14,UCCfJ6aNivW5Uh6_AkrbsR9Q,Truda Cluj,16800,130,663779.0,9.29,12813.875,0.0014358108614391,0
Entertainment,2011-05-01,UCc9PSPyI8UZHMqSUhX1q0_w,ALTERNATE HEAD,17000,57,663988.0,9.0435,10254.0,0.0027946041002959,0
Entertainment,2009-05-13,UC5KwfkoW5AeEtfyTshJ4bDQ,DaveTheUseless,17000,1066,664277.0,8.875499999999997,12909.0,0.0016757081216464,0
Entertainment,2007-12-19,UCjcvolGv-uOQDfAwOxfZAqQ,John Campbell,17000,325,664294.0,8.8925,14382.0,0.0009549409590999,0
Entertainment,2014-10-10,UCnCGbZGm1c4HocZaTjZeVKA,iAppleStuffsPRO,15800,112,665194.0,9.125,13823.875,0.0008133792345667,0
Entertainment,2011-11-29,UCWm075YPSjqjNpULzrN3nUA,WakeRunCollapse,16800,1663,665306.0,9.1425,11154.5,0.0024749179251304,0
Entertainment,2017-03-02,UCCSfOguANrFuhds40vc1HtA,KARAQRI,15000,15,667582.0,9.19,13470.0,0.0031311943442577,0
Entertainment,2006-04-06,UC76t4iwx93ewC_FknwaNMSw,RCUNIVERSE.COM,15300,2152,669758.0,9.216,12088.0,0.0012728086712294,0
Entertainment,2009-05-28,UCzvUpKP3KVEPX5Th0s3dTuQ,Mike Johnson,16400,508,670444.0,9.25,10649.0,0.0024629733567435,0
Entertainment,2006-02-22,UChFXI4tuQJfoJ1dH_259ppA,Chad-Michael Simon,16900,18,676047.0,9.7,13959.0,0.0013278424997273,0
Entertainment,2009-01-04,UC-SNP_EdVTCMyGUQDq4Sf5Q,Rachel Kappius,16800,626,676694.0,9.9265,10650.125,0.0024148973478802,0
Entertainment,2010-04-29,UCqMYRqZfR5UiZ5tm3I_Micg,Psycho,16800,76,676838.0,9.9925,12083.625,0.0020397701415315,0
Entertainment,2013-02-08,UCNGfS23DY2kVHvr-JIlLlmQ,GrahamGraydog,16600,52,677108.0,10.1105,13767.0,0.0012673906879791,0
Entertainment,2007-05-25,UCHW4VSdlorb3jBDd2AiA2Cw,The Shooter's Mindse...,16600,730,677212.0,10.1315,12410.5,0.0015153168241903,0
Entertainment,2010-06-11,UCp5feeTLLxAsqk9DsaNQtww,Westeros,16800,160,678367.0,10.679,11144.25,0.0023471421811585,0
Entertainment,2011-03-20,UCqFyobKkIGJY92hgs0tqkGA,averageiowaguy,16200,321,679000.0,10.4765,12165.125,0.0015400790119442,0
Entertainment,2013-08-18,UCNaJMo7xsLJPwXYR0GTXCtA,MulaDraws,16800,206,679406.0,10.557,10491.75,0.0027249366553205,0
Entertainment,2011-06-13,UCZbMQ3RhV8MrQFQFCLvKg5g,levelemup,16500,71,680493.0,9.855,10835.76439790576,0.0023320580478704,0
Entertainment,2006-07-12,UC-suwtf88Ygoc3knVP3orAg,Jai Catalano,16000,29,680574.0,9.811,13269.5,0.0011418114187003,0
Entertainment,2012-09-29,UC6x4XfBu5XizTdiONHh9jhw,Muge,16500,29,681608.0,9.0535,12084.625,0.0016668596663337,0
Entertainment,2012-09-23,UC4dtICQx7xXCgqVVs4_cecg,Xander Mobus,15900,11,681863.0,8.8,10663.875,0.0023069507622951,0
Entertainment,2007-09-19,UC6vO6ayuGhBlQNjLgq4GFgw,Miro0oMariam,16100,301,684106.0,9.2525,12138.5,0.0015138969675291,0
Entertainment,2009-09-04,UCn29vjfPBzQY6SyKcUtDC5w,Housesession Records...,16100,2825,685297.0,9.3445,12334.5,0.001415916911023,0
Entertainment,2009-09-30,UC8kyQlMfEVPt0MT_n9Opo6w,SkemeKOS,15300,21,686440.0,9.335,10237.0,0.0021654531901036,0
Entertainment,2007-03-11,UCF2_d9PmZRYOHT7fsCYFb7Q,Sheila Watko,15900,129,686876.0,9.3825,12362.888888888889,0.0014255580004012,0
Entertainment,2009-09-30,UCbBrjybexe4hld66rJhY6iQ,kingcorville,15925,114,687206.0,9.483,10077.429319371728,0.0024735541667993,0
Entertainment,2009-03-18,UChXw9k3IbPRj3rw_DM4C_Nw,WPEGPower98,14572,440,687967.0,9.525,14483.75,0.0033081449005324,0
Entertainment,2011-02-27,UCN2GtOwhqR4jG3wqr9aesSw,Chris Commisso,14500,393,688645.0,9.6595,12244.0,0.0009619590713134,0
Entertainment,2008-12-31,UCsZkAtlYGtOoTHULqdVBWgg,Final Explosion Ente...,14500,154,688658.0,9.699,14718.125,6.357294757514986e-05,0
Entertainment,2012-05-23,UC-D14AaaiZ8zkdC1EM_hLsQ,Suzanne Delawar,14800,47,690139.0,10.1155,13780.75,0.0013204682575071,0
Entertainment,2009-10-24,UCV_j3wMR3-bRQeihg8n7oNQ,The Weirdlings,15700,1257,691655.0,9.9435,12020.25,0.0015170369842967,0
Entertainment,2012-04-18,UC2k6tCX-W5Ts4ormuZGxw4g,Keepin’ up wit da ...,15900,807,692410.0,9.849,13532.0,0.0010473284295342,0
Entertainment,2010-10-30,UCaaqAR5bVbUHTNgGFX_La8A,del7iero,15400,81,693248.0,9.835,13158.75,0.0008747413132953,0
Entertainment,2011-03-28,UCpYCjzIMVVA6YzVJ3aOjrZw,Sean Tighe Drums,14600,146,694313.0,9.9405,13442.0,0.0005399997453154,0
Entertainment,2006-08-01,UC1rqvLNKlMFSFfKWbQQyN3A,Micah Lacerte,14609,1316,695617.0,9.8025,12218.0,0.0009841121807697,0
Entertainment,2012-03-15,UC1TRXhzgffReeSF9SYdFucw,GOTHIC WORLDWIDE,15984,270,696567.0,9.608,14720.047120418849,0.0004900103871245,0
Entertainment,2009-04-30,UC3SHRjWqCUZ1tpOd-4qwkPQ,Rob A,15900,987,697584.0,9.077,10553.625,0.0022011881623722,0
Entertainment,2012-04-30,UCD0FgKDdcspITXzbYeRVlzw,ZoroFanboy124,15900,1018,698067.0,8.612499999999999,13363.5,0.0011069598516549,0
Entertainment,2012-11-09,UC3bBf_QixT6omlCwMxEcSUQ,cips clips,16189,43,698480.0,8.732999999999999,11513.625,0.0024164892814641,0
Entertainment,2011-10-18,UCWEbV2Z1guEF0SvWF0Ng2qw,gingerreadslainey,15800,507,699818.0,9.4165,13187.5,0.0011854248140945,0
Entertainment,2012-11-22,UCXeuRDnIZEk-1gUxMeblJmg,WhyNotJanice,15642,162,700690.0,10.1905,10917.75,0.0019010570999201,0
Entertainment,2007-10-30,UCyq6QHyJEwPQuLqKXf3W1Sg,CAYLLLES,15800,65,701740.0,9.3505,10891.214659685864,0.0026337732932906,0
Entertainment,2011-10-04,UCPV95grWj4ShG7xDWJfvXnA,Chris Cooney VZ,15700,214,701895.0,9.344,12052.375,0.0017218559729871,0
Entertainment,2018-04-25,UCABiAZHofkIjyzvLFrMQ33Q,SFR entertainment,11600,18,701995.0,9.3035,11001.888888888889,0.0038479669711534,0
Entertainment,2009-07-13,UCAdu_WFwojmHJXbo_C8aC4Q,Staples,15900,194,702060.0,9.2965,11212.666666666664,0.0020154484824995,0
Entertainment,2006-05-15,UCpfjIj48ZBzD6LgumfwJ4DQ,PEDESTRIAN. TV,14400,630,702189.0,9.219,10205.25,0.0019558285635128,0
Entertainment,2010-07-12,UC8phLZndHyi69zS26_zjX7g,Aze Kahh,15600,268,702585.0,9.1955,12198.25,0.0014760553895684,0
Entertainment,2007-05-03,UCXQHzilb6_vSOCftibiDVmQ,TattooNOW,14300,321,702629.0,9.251,10477.555555555557,0.0016822304229201,0
Entertainment,2007-12-22,UClLBJjTCmblmOjrzek3RO3A,john cowart,14300,369,702654.0,9.3015,13510.0,0.0003699794235578,0
Entertainment,2007-11-13,UCa53fMnMax27fsyKBP_ygSA,Capt Dave's Dana Poi...,15900,328,703377.0,9.6795,13976.5,0.0007543495935657,0
Entertainment,2008-05-04,UCnEwvj_Q7Z-ZpxqqhxsAg5w,TAS801,15200,264,704610.0,10.384,11475.666666666664,0.0015179847866922,0
Entertainment,2010-03-15,UCpDs3qwgL-2TQzvvXeJc2cg,Andrea Catozzi,15100,64,709169.0,11.2535,12983.0,0.0008725890279039,0
Entertainment,2006-03-13,UCtEbYvl5ZYZvfmjC2t7U5JA,Turtle Wave,15400,20,710774.0,11.386,11281.125,0.0017225887139912,0
Entertainment,2018-03-07,UCyQncjolH9I2QirTlQc1RsQ,DONKISS A-TEAM OFC,15100,115,710785.0,11.394,14660.448275862069,0.0013522613837206,0
Entertainment,2008-01-03,UCic1f0-Ut3Xrf12OnkHcBPA,bxx32,14400,582,711020.0,11.5795,13863.222222222224,0.0005549119064752,0
Entertainment,2010-04-14,UCEYLTC2y5DqY106JohXNinw,GoingNowhereShow,14900,50,711214.0,11.635000000000002,13975.555555555557,0.0004130356873994,0
Entertainment,2012-11-15,UCB8nm1-FpKzn2-OXoY-N_cw,Imagination Upgraded...,14900,72,711465.0,11.681,10091.25,0.0022008394772266,0
Entertainment,2012-10-14,UCpbHGTmIpCw8Y-1WTtKx16A,Kizomba Harmony,15100,245,713187.0,12.6015,10160.444444444443,0.0021454139472396,0
Entertainment,2014-03-03,UCg6JnjnHmdEUbp26tVwIHDA,Talent Stage Network...,15373,60,713988.0,13.310999999999998,12227.0,0.0014221579094451,0
Entertainment,2014-01-20,UCHaArPRItltZ-Qwh_95X0kw,Cody D. Buni,14000,790,717307.0,13.2945,12639.0,0.0006780594608984,0
Entertainment,2016-05-15,UCVsj0Rt6RMW7_BYqTTFQkIw,Guri da Pitaara,15000,204,720179.0,13.5935,13959.0,0.0025687551918597,0
Entertainment,2013-01-06,UCnoa_r87YQuBkKxcwA3wSfw,StickyRice1,14900,123,720448.0,13.658,13830.0,0.0006772546499598,0
Entertainment,2010-10-02,UCWS9qxvhM3iGro2R3vbvLmA,DisneyElephants,14900,48,721023.0,13.8145,13216.1,0.0014069625015673,0
Entertainment,2009-03-11,UCzvKgOybjR5NFI9yB1pcP9g,smutoys,15200,2095,722813.0,11.96,13636.602094240838,0.0006499534324834,0
Entertainment,2013-05-02,UCD0vuUUjYskEtfv3SazGzsg,radhaggis,15561,140,723059.0,11.955,10503.5,0.0024615788136815,0
Entertainment,2011-02-21,UCC1kLR47p64jERaDpSzv5Ig,Outdoor Enthusiast 1...,13800,26,725906.0,11.8075,10895.952879581151,0.0013597216782345,0
Entertainment,2016-12-03,UCQvfZlE8GOrfClL4N1_Kfcw,•Jahzara Baby•,13800,64,725920.0,11.7655,14086.0,0.0003671844472807,0
Entertainment,2014-01-08,UCTWhZ5vHIsNL7go5LYHV4HA,Mlp Starswirl,15100,163,726347.0,11.733,13868.0,0.0006825910856393,0
Entertainment,2011-10-08,UC9k1PtDgBfS3Ciqoqdn1FkQ,OnTheSpotInterviews,14900,1563,727888.0,11.792,12070.172093023257,0.001196907270955,0
Entertainment,2011-06-01,UCLOEoIwtbUmVU1EGZFGxfGw,Gabe Broderick,13854,35,728555.0,11.8425,10540.75,0.0017590083313066,0
Entertainment,2018-05-28,UCYEIGurMSZ5GV6xZsEVvXiQ,Celebrity Studio Ind...,14100,37,730914.0,10.7965,13893.470588235294,0.001842168269635,0
Entertainment,2006-07-24,UCdthgSwopqLqCn8lc2sn5IQ,JillyMeyers,15000,27,733476.0,10.3475,14185.375,0.0004042875582734,0
Entertainment,2006-10-13,UCgadVDRVMLzf4ok3jL2j5IA,Mitchell Gibson,14700,211,733667.0,10.4005,10149.333333333334,0.0019891606700957,0
Entertainment,2016-11-07,UCoVjS5A7ygYlIRGJ7UBroPg,xXNerdygirl28Xx,10647,97,734726.0,10.3045,11400.0,0.0,0
Entertainment,2012-08-11,UCBpbbcLXYkP5MzJ7D052L5w,Rikkie Leigh,14300,48,735100.0,10.2415,12205.875,0.0009121575443726,0
Entertainment,2007-07-19,UCqMCUY4OoVV9WnESc2aZ1Xg,D107,15000,65,736149.0,9.9865,12422.5,0.0010232420603283,0
Entertainment,2006-01-29,UCyAPNLvxZ0vAUPTuCNH7G-g,OrangeRangerVideos,15100,493,736397.0,9.7985,10646.5,0.0020175732976815,0
Entertainment,2010-03-16,UCdCcKjGtORBBuC7tdcoWpxw,Hannah Torrance,14406,148,738003.0,9.3515,10176.0,0.0019013646079835,0
Entertainment,2013-07-10,UC6RhwHYI0PUtEdLgiatwcqA,SuperimposeApp,14800,62,738344.0,9.7565,11002.5,0.0024870630230572,0
Entertainment,2006-12-18,UCdH7lQiaVchUiZEXhBYmlsQ,Skuff TV - Action & ...,14300,669,739270.0,10.0,12188.5,0.0009257712737577,0
Entertainment,2012-03-20,UCYVglsgmWLVPzo8iIRSD-lw,Sammy Whiteley,14446,209,739443.0,9.946,12106.0,0.0010010430657676,0
Entertainment,2006-01-04,UCqbwer0fnk8MIaHvarVTCnA,jptarlit,14943,66,741333.0,9.918,14223.0,0.000304394412314,0
Entertainment,2018-02-07,UCEoo4-4MwS0ywVMMboEN5NQ,SUPREME,15026,12,742135.0,9.9355,11504.444444444443,0.0211884437022383,1
Entertainment,2011-07-11,UC291NQyFpEfTZ9xeFFMSWKQ,crystalDM96,14800,19,744316.0,10.11,14320.0,0.0002621806895653,0
Entertainment,2016-06-28,UCcRpVUB_LpwybyVsc57TIag,AKS Films India,14700,12,744318.0,10.1125,14700.0,0.0,0
Entertainment,2006-06-02,UCDMfFpNVmdGHf0TNllfL3xQ,vashtie,14000,110,744911.0,10.415,11676.75,0.0010793909524041,0
Entertainment,2008-06-01,UCyL3otj6wpA02z9qc28ThKA,AirWipp,14400,144,750390.0,11.6815,10853.75,0.0015060302477344,0
Entertainment,2007-07-02,UCr_AyozpolF_e4yLVndJY0g,RCgutt,14200,528,751417.0,11.765999999999998,10816.625,0.0014992003583594,0
Entertainment,2012-01-04,UCaZ1vHbXD5qtY6JZtd7fX9A,Just4Kicks212,14600,209,753477.0,11.629,12169.222222222224,0.0011980225255796,0
Entertainment,2010-04-11,UCpRyX0tZwQb8PJyhdTnc0lQ,FaithfulTrigger,14400,741,753725.0,11.673,12211.5,0.0008911361735343,0
Entertainment,2017-01-21,UCk09Lu_G_zdYjlmwK2b5E3A,EAT Show,13000,28,753827.0,11.6595,12605.6,0.0017095955030734,0
Entertainment,2014-08-25,UCk049HOb50pRgmyZwpVFrFQ,Logan Perron,14761,335,753835.0,11.722,12958.5,0.0009431430806017,0
Entertainment,2006-05-29,UC5IF3_S6J8I6AFjxmKFmAeg,Live Nation Clubs an...,13000,388,753876.0,11.708,10355.0,0.0012331578978019,0
Entertainment,2008-02-12,UCfdylEi-2U1_dj4Ct1PSqTw,Gibbontake,14500,412,754127.0,11.69,14735.75,0.0003589936475371,0
Entertainment,2013-06-06,UCMgaC2_zNzv75eHK1sMstjQ,redrosewhispers,14000,243,756810.0,11.7815,10607.0,0.0015553059801689,0
Entertainment,2008-08-12,UCmNhg_f0PyOUq9Q2WGzhvSA,KAYZEL,13900,59,757488.0,11.982,11564.586046511631,0.0010197090802628,0
Entertainment,2012-04-06,UCT9QHhG-d80R0cVMP1TQ8xQ,Lusiell St,13100,137,757669.0,12.1185,11599.5,0.0007872350587672,0
Entertainment,2014-09-27,UCV-VdaC40H1HUtNb9RHXHhg,MustWatchVines,12911,150,758958.0,11.819,11039.25,0.001008647046829,0
Entertainment,2010-06-20,UCnxk3Mcu5ncKtfDwjvVmNvw,Hard Dance Criminals...,14400,71,760219.0,11.792,10526.5,0.0016995248412261,0
Entertainment,2011-05-06,UCYqFZQqmitHQ03IieFqIQgQ,PotatoShitz,14600,22,763676.0,11.0285,13938.333333333336,0.0003790987894523,0
Entertainment,2009-01-31,UCHYGxE4miKgnMoP9DZNCeTQ,QUEEN A,14161,110,766830.0,12.8615,11376.0,0.0013490793313902,0
Entertainment,2006-07-06,UCXiNF9d1i_1oQvCnbOCDBPA,puSher1985,14129,29,769644.0,12.2775,14327.5,0.0001870593042123,0
Entertainment,2008-05-07,UCU5zSdO4q-2otnYd71crA3A,Trinity Newman,14000,349,769865.0,12.1795,13982.375,0.0002049302736967,0
Entertainment,2009-11-10,UCoQ_dEDGjdluxXHEzBL5nVA,Josh Kelley,13600,70,770723.0,11.645,13465.578947368424,0.0009529311401073,0
Entertainment,2006-04-10,UCaFAiK8rnhU1y4bNfQhSpsg,Lukas Skersas,12800,166,771949.0,11.106,11623.875,0.0005614268337154,0
Entertainment,2008-02-26,UCFZ5TMQ89OcueE5nYWpdP0g,WhiteWater,12603,214,772511.0,11.0395,10538.5,0.0010444140774721,0
Entertainment,2008-12-15,UCoWxXSMIyRrNnhffZnf8CCQ,Flinck Experience,12800,82,773248.0,11.0085,10698.0,0.0009800737558751,0
Entertainment,2009-11-28,UCGajVa24jnjjCb5934ERBnA,sassycat143,14000,853,774404.0,10.8705,11471.0,0.001137677855018,0
Entertainment,2010-02-12,UC6hduYdZ2rZ0Kz9vUQ4mv-w,SlimD716,13700,708,774485.0,10.8545,10509.625,0.0014675516329655,0
Entertainment,2010-11-30,UCEzSSE1bBeiCZKLLcytlorQ,TheOneRing,13400,542,780137.0,10.0495,13310.5,0.0001593312678362,0
Entertainment,2010-08-24,UCQ3UvgLQfqIy4fPAChJ2kXw,Cooper Winterson,13564,174,781159.0,9.8925,12327.0,0.0005693062238504,0
Entertainment,2010-02-19,UCfyBvky5Do2jLG30Eig9GaQ,Magali Tiemersma,13780,41,781489.0,9.71,12326.0,0.000603018638852,0
Entertainment,2013-04-05,UC5TDDWmiIKCgguljyYqUIsQ,RevampedWrestlingTV,12209,82,782554.0,9.0765,11656.0,0.0004204726563366,0
Entertainment,2007-10-16,UC5BgYX16dPpMNDfx7w96bhw,DuncanToys,13400,1512,782680.0,9.032,12006.75,0.0006714495190734,0
Entertainment,2012-10-26,UCGnSt6Kh4dD66yDGq5pC_og,CheapDesireYT,13800,696,785457.0,10.315,10163.0,0.0017263401154313,0
Entertainment,2012-07-12,UCnnmEdzp6noT1z88gfEqQTQ,Ben Popa,12682,43,787494.0,9.538,13005.5,0.000155620386481,0
Entertainment,2014-03-02,UCPuoLjjqTZ5MMrhDIjFoLSw,Daniel Sky,13800,18,789078.0,10.0805,13931.222222222224,0.0005032604674479,0
Entertainment,2007-03-27,UCp5Tpg0lLGtsG88CvUKey_A,,12400,362,789457.0,10.658,10106.333333333334,0.0011552685422034,0
Entertainment,2012-03-10,UCprqVJsKlQ3MUAtvVUH5Qzg,PineappleSpaceFish,12400,79,789467.0,10.6825,12708.0,0.0002247314218825,0
Entertainment,2006-10-25,UC18kdQSMwpr81ZYR-QRNiDg,TheMighty Thor,13100,807,791778.0,10.607,10690.25,0.0013198271890692,0
Entertainment,2011-07-16,UC8PNgWM7ZSEE6Rz8FhgcuLQ,Alora,13500,73,795496.0,10.716,10208.5,0.0024362026804899,0
Entertainment,2009-08-23,UCWUBJUaM8hrvCW1n49C8Cng,MeltingMan234,13300,234,797107.0,11.32,11990.0,0.0007604896482957,0
Entertainment,2009-08-26,UCp5NK-e0KtqpHX8RykBoKMw,Showcase Network,12741,842,799616.0,11.4125,10595.125,0.0010537349263278,0
Entertainment,2008-01-06,UC0NLfMeGQJyEvx9i4cqg36w,Linsbrothers,13100,95,802212.0,11.6665,13503.25,3.0315870775568297e-05,0
Entertainment,2010-01-22,UCuZLifnSaUa1MOox4rjmu_g,Billy Hill,13100,404,802443.0,11.679,10990.5,0.0009723793326688,0
Entertainment,2015-08-27,UCiJaR9SL8kiyRlLYEIxMp8w,Lessly I,12900,58,802498.0,11.69,12664.941176470593,0.0018355095236794,0
Entertainment,2007-10-04,UCv5pew4Lr-WaCHuFuKTElog,robertantonnyc,13100,948,803049.0,11.7365,12317.0,0.0004565120489531,0
Entertainment,2011-12-20,UCT4wCvsDsYiRaKxQ0NlxLYA,Hope Phillips MUA,12440,10,805080.0,11.97,11367.5,0.003460200168049,0
Entertainment,2007-09-14,UC7FqOT1kpsiznvHaPteBzVw,Jiff Di Bossman,12000,82,805425.0,11.8445,11606.5,0.0002591079108555,0
Entertainment,2009-04-14,UClBXMokTErVeASo6sig04ig,djmissnine,12000,114,805460.0,11.444,10246.5,0.0009449385940707,0
Entertainment,2012-05-28,UCCIMraBdQ0kLdxs0xigL7hQ,Iamkapilarora,13392,54,807520.0,11.3,10103.5,0.0024478405207941,0
Entertainment,2013-03-18,UC1tAza6iL3yB0QXRoGl49KQ,Vat19Nvjds,13400,135,809590.0,10.7585,11086.0,0.0011256021405808,0
Entertainment,2010-08-19,UCgOsX8BTDPhtXFo9-QcLWmw,Space Cave,12823,63,810904.0,9.81,10110.75,0.0509361752391812,1
Entertainment,2007-05-18,UCmreN81BVF6RsMD9xYrgVNA,ncismelanie,13019,54,812349.0,11.3635,12106.0,0.0004594709538234,0
Entertainment,2014-05-11,UCOtF_qInV_vif1290y2oNgw,SILVIA,12900,100,812449.0,11.452,11973.125,0.001434887247587,0
Entertainment,2007-05-25,UCtcm-_ipl5zO8oAu5HeA06A,Austin Rios,11611,181,812810.0,11.353,10450.111111111111,0.0005916221104437,0
Entertainment,2017-04-03,UCYRQ-xPWVal2TzFIBJWPdfA,2p Status Bar,13100,25,812978.0,11.311,11406.75,0.0324671332397454,1
Entertainment,2009-04-20,UC04GFg99i5zJg5zd6p3HBrQ,Absolutesublime1,12800,1159,814185.0,12.0215,10077.75,0.0013198554786501,0
Entertainment,2009-10-06,UCMQuLGxgruFwUakquFZaxYw,dhq brandi,12800,101,814244.0,12.1505,10651.333333333334,0.0010613014823055,0
Entertainment,2011-07-09,UCRBfk2Pns5cdCiKFbHAZz6A,LuffyTDS,12500,1187,817313.0,12.1715,14165.0,0.0003054159086691,0
Entertainment,2017-06-26,UC7IrlDjAPEGls6Qk3NfhvQg,AJ PHOTOGRAPHY & CRE...,11600,21,818816.0,11.6795,11580.916666666664,0.0001392129653526,0
Entertainment,2012-01-04,UCeuVJBcnH6ZDv22eLR0n6DA,TheRage191,12400,422,825496.0,11.4015,11560.0,0.0005113459037884,0
Entertainment,2011-10-01,UCkpnYkPa1rGcR9BcKogLzJg,Bestofafrica Bestofa...,12366,224,826888.0,11.59,12348.375,0.0001298079516642,0
Entertainment,2008-11-20,UCTfvnhGQ4m9Gl89bHVGYSbQ,Cleverfoxman,11900,40,830147.0,12.366,11454.0,0.0019482643402097,0
Entertainment,2012-04-10,UCdsTN4m3qZWaX7kU9TV0nkg,Joe Tuliao,12800,33,832290.0,13.3685,10202.0,0.0013079289502747,0
Entertainment,2007-08-22,UCcaKPLK0Dicns_I4-iNDmKQ,DJ Mikey Mike Susca,12600,513,832573.0,13.4225,11034.60465116279,0.0007370215890251,0
Entertainment,2017-06-14,UC_sCoST9Yki64DvERIDEzVA,Slight Star13,12900,46,832888.0,13.5505,12164.243243243243,0.0013408503474565,0
Entertainment,2016-07-15,UCI4els660usPqat6yZC3Hpg,d3vjlguk,12700,20,833844.0,13.747,12233.625,0.0018561150457908,0
Entertainment,2006-06-03,UCSCS8FF4cReDAK3Iy2kx1Dg,LiquidVistas,12500,93,833974.0,13.1855,12164.75,0.0002252825514971,0
Entertainment,2012-12-25,UCju2NfUjHzof07916Xg_9Hw,OpcodeXe,12600,87,834134.0,12.745,10323.375,0.0013678178683707,0
Entertainment,2014-10-13,UCL3-xewtM_XAtyEyTVbKdGg,KablePvP,12500,164,834916.0,12.1965,12307.75,0.0005742284274822,0
Entertainment,2012-04-22,UCd1gXL5z-A3OxwV3fvKRcow,ThumbsHunter,12700,67,835387.0,12.0505,14834.0,1.4820857316296348e-05,0
Entertainment,2012-10-29,UCQBr_XUJfayIGFlRStCu7ng,Melon Felon,12200,22,836412.0,11.5115,12227.25,0.000262013694975,0
Entertainment,2006-06-21,UCDRkhEpwHMwEq9Q2YHJXAaA,EMFAM Entertainment,12482,450,838039.0,11.0205,10811.25,0.0007901049333826,0
Entertainment,2009-05-23,UCPB3zUDkS8MTU-0TxynL7fA,Anika313,12200,64,841179.0,13.2465,12306.25,8.02032584982329e-05,0
Entertainment,2012-08-14,UC4kneVomGj1dN9axZkXLUQA,RealSimWivesHD,12200,66,846457.0,14.363,13172.5,7.570893266461161e-05,0
Entertainment,2014-10-07,UCHYmyQrRaSiOi1mlTBYDzjA,John jjcoolja12,12500,27,846965.0,14.4755,11144.333333333336,0.0,0
Entertainment,2018-06-05,UCFixDvkXuUPHlBUrvNK2Wyg,FunkStudios: Control...,12200,134,847038.0,14.5315,12037.2,0.0,0
Entertainment,2018-02-07,UCtKnTSxmjywaDvBf2OJv5-Q,Yaoi Senpai,12200,15,849173.0,15.617,11345.272727272728,0.0036378157508938,0
Entertainment,2006-07-08,UCd8D_QoTmynRkAd_hGTkgBQ,HodgePunk,12200,46,862618.0,14.334,11377.0,0.0006247649342859,0
Entertainment,2016-07-10,UCUvRdJX37-FmHAF4ckJvIEw,Nye Green,12100,285,863533.0,14.2445,12156.5,9.983487927587156e-05,0
Entertainment,2010-07-02,UC20fAcWvSoSSqaNbXc7RBKw,Mango_Ferret,12157,61,864304.0,14.232,12145.888888888889,0.0001872465532168,0
Entertainment,2008-01-29,UC7Bu3A3FpAKgqSR0sDmzeOg,Isaac Brumaghim,11696,74,865166.0,14.244000000000002,11799.5,0.0001266680267752,0
Entertainment,2011-08-12,UCvxHWhzBOkRClvD1ZAckokQ,Elystie2,10900,55,866774.0,14.375,10150.717277486909,0.0006624541407039,0
Entertainment,2008-10-31,UCgNY34evarGdcS9nqIutfsQ,TomChatalbash,11600,938,867979.0,14.1705,12180.666666666664,4.051691722660983e-05,0
Entertainment,2011-12-08,UCAkc1xs-emBo8rxbVubzzOg,Straight From The Mu...,12000,191,870265.0,12.465,11041.5,0.0006866747523426,0
Entertainment,2010-03-21,UCOkt9RTQMp4LSej5c3hdEAw,HappyPiano1,12100,475,870510.0,12.2275,14768.875,2.7637323382854684e-06,0
Entertainment,2010-07-21,UC5agktyr_SKeToxG-MmLfMQ,Allegra - stopitsgin...,11700,40,870778.0,12.12,10773.5,0.0006551723842456,0
Entertainment,2007-10-24,UChFXFNpQyoi-3WX-KDsw8Yw,GOVERNMENT EMPIRE,11000,228,873086.0,12.2185,10635.083769633507,0.0016110040772329,0
Entertainment,2012-02-18,UC3bcFQpmSDMhx6rg9a8U8Pw,IcySpirit Jr.,12000,22,877548.0,12.0035,12214.0,3.432950191571104e-05,0
Entertainment,2011-12-19,UCfccWQTnqzPXL389cT23-Rg,Tanishia Harden,11130,239,877634.0,12.012,11122.7,0.0001415221493395,0
Entertainment,2006-10-15,UCfKBDoJ4ITUg5PedgsG8BAw,Lars Young,11500,129,877995.0,13.5965,10040.0,0.0009114885244554,0
Entertainment,2011-08-18,UCJ2nTKvD7cx_1vQvag3I9UQ,SMARTART,11700,69,878983.0,13.6085,10213.25,0.0008616888827564,0
Entertainment,2006-09-01,UCkajzg4ohgu5o_z4XiJAhhA,Jimmy Slonina,11500,39,883707.0,12.4905,10499.5,0.0006155586069103,0
Entertainment,2011-09-22,UCC7a8nzN40t0y6Eg0Cetkng,Sean Pook,11590,148,883739.0,12.4455,10311.0,0.0008532795895728,0
Entertainment,2018-08-06,UCyg8EHujrWtQyIthZNvVB_w,Filmy City KTM,11063,21,897855.0,16.601,10384.57142857143,0.0031899332704964,0
Entertainment,2014-05-16,UCtfdD-xu6URaDBd7XO4Vlhw,Jackson 95,11400,33,899529.0,17.218,11838.875,8.52812028390748e-05,0
Entertainment,2007-09-11,UCXwDgFB1GIdafrHoHaS_gAQ,TheTrue Pooka,10100,305,899703.0,17.7425,10735.0,0.0001517208958694,0
Entertainment,2006-07-28,UCXKduX1yejuBywFMGK8PbYw,starwarsnut77,11200,325,899993.0,16.980999999999998,10564.25,0.0004249587359245,0
Entertainment,2012-05-21,UCT5bZFaOV_IXiXb-5FDfZXQ,FAN MODE,10000,85,906011.0,14.6415,10417.777777777776,0.0,0
Entertainment,2010-04-13,UC4BQtqiQVHf8FxcYyJadKPA,LukisZone 92,10400,40,912466.0,15.617,10295.5,0.0025183041081447,0
Entertainment,2017-11-16,UC2_eM-ivKdbBfFm9fxlpgaA,•Faithy~Chany•,11500,59,912468.0,15.614,11631.25,0.0,0
Entertainment,2014-11-23,UCbQ9CrGnQ_rlgU8xTYclaug,Cherliz Cohen,11300,17,915596.0,15.978500000000002,10928.0,0.0012727803743932,0
Entertainment,2006-07-30,UCXyz5Dw8CWDUE69I_PU-dsw,S3 Stores,11000,142,918403.0,18.253,12065.875,1.8705675168841467e-05,0
Entertainment,2006-06-18,UCnpXtFei8_Jcl9Fz7Wh2e3Q,Tiago Azevedo,11300,156,919099.0,18.3495,12229.333333333336,0.000418315456307,0
Entertainment,2012-01-27,UCOuet9WomR2muCtnbqYyIJA,KOTD Media,11293,541,919838.0,18.5925,10864.75,0.0003368600385279,0
Entertainment,2015-04-10,UCaP60DihKNVY-lGUq_C-w2w,Jessica Lá Rel,10500,40,922623.0,17.171,10341.444444444443,0.0005646785564627,0
Entertainment,2008-06-10,UC16xobI8VBcf-CZMIjRa_Uw,jetlag2222,11100,339,922667.0,17.0715,11289.75,9.812188737105976e-05,0
Entertainment,2011-09-26,UCMJ5rGk0pZ-qzq28x3DlDbA,ASMRlove,11054,189,924411.0,17.480999999999998,10837.0,0.0002288181852912,0
Entertainment,2010-06-24,UCgFmL7tBttDERBalldynisQ,TheTruthSeeker69,10300,775,926125.0,20.0315,10069.727272727272,0.0025323909699857,0
Entertainment,2012-03-09,UCUnjDt3PO4OTCwQFW3N4aIQ,Circlejerk,10900,93,929265.0,23.50500000000001,12009.222222222224,3.118878536064041e-05,0
Entertainment,2012-12-20,UCIlCu1rVr52hLJTXW6RYjfg,Fact Revolution,10400,128,936907.0,26.3645,10063.888888888889,0.0003312995771536,0
Entertainment,2012-07-20,UCSIXS75tImYIDB20QGB4Wtw,DIVIMOVE,10609,91,962074.0,53.1435,11286.5,6.063488086728827e-05,0
Entertainment,2008-09-05,UCkDllxKtul2y48P9YDt4wig,Entertainers Plus,10588,293,962747.0,53.1435,11940.0,2.248166758961531e-06,0
Entertainment,2011-08-27,UCElvyf9kiU2pqFeSEGzd7SA,Natalie,10200,17,963489.0,53.1435,10226.09090909091,0.0003579361219143,0
Entertainment,2016-01-16,UCs8LYSaoyJ48xfQsKRsD4Wg,JustJanell,10200,63,988207.0,53.1435,10193.545454545454,0.0005963556890923,0
Entertainment,2009-05-22,UCzS1MJBykzTKsyzcR9lnUxg,KyRoTV,10000,24,997414.0,53.1435,12228.5,0.0,0
