category_cc,join_date,channel,name_cc,subscribers_cc,videos_cc,subscriber_rank_sb,weights,last_date,last_subs,period,growth_score,has_buzzed
Entertainment,2016-07-11,UC4JCksJF76g_MdzPVBJoC3Q,ARY Digital,9460000,20901,427.0,2.087,2019-09-23 00:00:00,9488571.42857143,1169 days 00:00:00,8116.827569351094,1
Entertainment,2014-11-24,UC-0D1RlSzcvBoODCKSoLl2g,Emily Tube,10100000,652,487.0,2.087,2019-09-30 00:00:00,10100000.0,1771 days 00:00:00,5702.992659514399,1
Entertainment,2015-04-24,UC1Ydgfp2x8oLYG66KZHXs1g,TheTalko,7480000,2422,807.0,2.087,2019-09-23 00:00:00,7481428.571428573,1613 days 00:00:00,4638.207421840405,1
Entertainment,2007-06-04,UC0v-tlzsn0QZwJnkiaUSJVQ,FBE,19600000,2080,143.0,2.087,2019-09-30 00:00:00,19600000.0,4501 days 00:00:00,4354.587869362364,1
Entertainment,2008-09-17,UC4PooiX37Pld1T8J5SYT-SQ,Good Mythical Mornin...,15700000,2307,210.0,2.087,2019-09-23 00:00:00,15700000.0,4023 days 00:00:00,3902.560278399205,1
Entertainment,2017-12-12,UC495kynFX55dE0iorwV3RKQ,Dangie Bros,2470000,228,4410.0,2.3655,2019-09-30 01:00:00,2480000.0,657 days 01:00:00,3774.733637747336,1
Entertainment,2014-03-18,UC3XTzVzaHQEd30rQbuvCtTQ,LastWeekTonight,7240000,286,857.0,2.087,2019-09-30 00:00:00,7257142.857142857,2022 days 00:00:00,3589.0914229193163,1
Entertainment,2014-05-21,UC3q2YwNGj7ktNf70PqMW72g,Genieland,6880000,2451,1049.0,2.087,2019-09-30 00:00:00,6870000.0,1958 days 00:00:00,3508.682328907048,1
Entertainment,2011-08-07,UC1KPy3cAAj0i0RIFC_SzjMg,VitalyzdTv,10200000,315,528.0,2.087,2019-09-23 00:00:00,10200000.0,2969 days 00:00:00,3435.500168406871,1
Entertainment,2011-03-21,UC1r4VtVE__5K6c_L_3Vlxxg,fouseyTUBE,10600000,168,494.0,2.087,2019-09-23 00:00:00,10600000.0,3108 days 00:00:00,3410.5534105534107,1
Entertainment,2016-05-01,UC3xWCpnWd8l7HaiqfvtzIhQ,FunnyMike,3900000,205,2111.0,2.128,2019-09-30 00:00:00,3931428.5714285714,1247 days 00:00:00,3152.7093596059112,1
Entertainment,2015-07-06,UC-Gm4EN7nNNR3k67J8ywF4g,Blippi Toys,4620000,122,1517.0,2.087,2019-09-30 00:00:00,4718571.428571428,1547 days 00:00:00,3050.1431341767475,1
Entertainment,2019-02-07,UC4pTrQqndbuz1XxGyp_i6Zg,Best of The Voice Ki...,675000,59,16112.0,2.8360000000000003,2019-09-30 01:00:00,711285.7142857143,235 days 01:00:00,3026.747720364742,1
Entertainment,2017-04-04,UC2PvBto6gvSLVub6CdwaivA,Rtv Drama,2710000,2447,3905.0,2.2935000000000003,2019-09-30 00:00:00,2727142.8571428573,909 days 00:00:00,3000.1571585730003,1
Entertainment,2017-09-08,UC1KnbLi0FcKNkWvsfcU2uuw,The MJ Family,2238147,87,5037.0,2.3915,2019-09-30 00:00:00,2251428.571428572,752 days 00:00:00,2993.9209726443773,1
Entertainment,2016-11-15,UC2rWFYjCHFcnjNnWhnGvv7Q,Carmen and Corey,2970000,675,3375.0,2.291,2019-09-23 00:00:00,2971428.571428572,1042 days 00:00:00,2851.658897724157,1
Entertainment,2016-03-11,UC1IELV_s2HyyG3ZOj1l0hdQ,D&B; Nation,3600000,169,2797.0,2.22,2019-09-30 00:00:00,3600000.0,1298 days 00:00:00,2773.497688751926,1
Entertainment,2017-10-03,UC1-BQ2oxqBVtCjMHF-Wf98w,Kapil Sharma,1920000,55,6738.0,2.484,2019-09-30 00:00:00,2012857.1428571432,727 days 00:00:00,2768.7168402436632,1
Entertainment,2017-01-08,UC0IWRLai-BAwci_e9MylNGw,CarryisLive,2700000,448,2999.0,2.2295000000000003,2019-09-30 01:00:00,2747261.904761905,995 days 01:00:00,2761.0672409667386,1
Entertainment,2016-08-05,UC2lCrx1QJF_hLT4atkZf6Ew,HALILINTAR LENGGOGEN...,3110000,440,3315.0,2.2955,2019-09-30 00:00:00,3128571.4285714286,1151 days 00:00:00,2718.13330023582,1
Entertainment,2009-07-21,UC-F6LZSWz34xKknY8NNCzgQ,PDK Films,9590000,134,542.0,2.087,2019-09-30 00:00:00,9764285.714285716,3723 days 00:00:00,2622.6929127815515,1
Entertainment,2014-10-29,UC4qGmRZ7aLOLfVsSdj5Se2A,TheThings,4410000,1562,1936.0,2.0865,2019-09-30 01:00:00,4428630.952380952,1797 days 01:00:00,2464.4579590322496,1
Entertainment,2016-11-09,UC2VERcmMqi3vdtoQQ0ZP2sA,Onyx Family,2430000,345,5006.0,2.3735,2019-09-30 01:00:00,2438630.9523809524,1055 days 01:00:00,2311.498533062514,1
Entertainment,2015-10-07,UC1X0zgwWlWHmNC59xWhMXQA,Skyheart's Toys,3250000,511,3174.0,2.258,2019-09-30 00:00:00,3265714.2857142864,1454 days 00:00:00,2246.020829239537,1
Entertainment,2009-04-12,UC3ifTl5zKiCAhHIBQYcaTeg,Proximity,8460000,1417,711.0,2.087,2019-09-30 00:00:00,8470000.0,3823 days 00:00:00,2215.5375359665186,1
Entertainment,2006-05-19,UC-LPIU24bQXVljUXivKEeRQ,StarPlus,10200000,8582,450.0,2.087,2019-09-30 00:00:00,10285714.285714284,4882 days 00:00:00,2106.8648680283254,1
Entertainment,2013-07-27,UC4OecQOzxkmaXZQfAPcifkA,Earth,4650000,54,1900.0,2.087,2019-09-23 01:00:00,4660000.0,2249 days 01:00:00,2072.032014228546,1
Entertainment,2015-05-21,UC-j7LP4at37y3uNTdWLq-vQ,Village food factory...,3260000,263,3093.0,2.235,2019-09-23 00:00:00,3270000.0,1586 days 00:00:00,2061.790668348045,1
Entertainment,2015-11-19,UC3rLoj87ctEHCcS7BuvIzkQ,MsMojo,2826860,2777,3584.0,2.2825,2019-09-23 00:00:00,2841428.571428572,1404 days 00:00:00,2023.809523809524,1
Entertainment,2015-02-28,UC4WNEEzWfK0fJJxxjQ4EYeg,Co Vines,3280000,319,3260.0,2.273,2019-09-30 00:00:00,3290000.0,1675 days 00:00:00,1964.179104477612,1
Entertainment,2016-04-12,UC-3fLOkTRb7-tepOqxsDdDg,Funny ki Vines,2320000,79,5413.0,2.4305,2019-09-30 01:00:00,2330000.0,1266 days 01:00:00,1840.4423380726696,1
Entertainment,2016-05-12,UC1VLQPn9cYSqx8plbk9RxxQ,The Action Lab,2240000,462,5405.0,2.431,2019-09-23 00:00:00,2240000.0,1229 days 00:00:00,1822.620016273393,1
Entertainment,2012-02-15,UC2rd5cWeATWXJv-dPKGoVqA,realnollywoodclips,4970000,1076,1621.0,2.087,2019-08-19 00:00:00,4976921.0,2742 days 00:00:00,1815.069657184537,1
Entertainment,2011-10-11,UC-lJ-F5mlPP6SYPkkq6gjwA,VikatanTV,5050000,12232,1446.0,2.087,2019-09-23 00:00:00,5050000.0,2904 days 00:00:00,1738.9807162534437,1
Entertainment,2012-11-20,UC0vRcJh1-GQL_V4qm5F6xFw,All Def,4220000,3289,2180.0,2.14,2019-09-23 00:00:00,4221428.571428572,2498 days 00:00:00,1689.9233672652408,1
Entertainment,2015-12-14,UC0vDTIi5YP1IVT7gZo0afQA,Best Viners 2,2330000,176,5348.0,2.4105,2019-09-30 00:00:00,2334285.714285714,1386 days 00:00:00,1684.1888270459697,1
Entertainment,2017-04-20,UC-j3S3cIXZSzzCkJhJW9_eg,Cowbelly Studios,1450000,1015,10025.0,2.6375,2019-08-26 01:00:00,1436650.786458333,858 days 01:00:00,1674.4181660353531,1
Entertainment,2016-03-11,UC-awjwg4N6lWu1TSK1ostjQ,Rahim Pardesi,2160000,194,5860.0,2.4595,2019-09-30 00:00:00,2160000.0,1298 days 00:00:00,1664.0986132511557,1
Entertainment,2015-07-18,UC2tRhjkebu5aSo0IYcTtX2Q,pressnews tv,2460000,71855,4454.0,2.363,2019-09-23 00:00:00,2461428.571428572,1528 days 00:00:00,1610.882572924458,1
Entertainment,2016-01-14,UC1DGpYiEiqBrQtYXFbLhMVQ,Nicki Swift,2100000,1642,5886.0,2.4585000000000004,2019-09-30 00:00:00,2110000.0,1355 days 00:00:00,1557.1955719557195,1
Entertainment,2017-12-18,UC05oKcewweNvhMxAUV5bDQw,MILLI'S WORLD,965000,86,16439.0,2.8400000000000003,2019-09-30 01:00:00,969303.5714285716,651 days 01:00:00,1488.9455782312928,1
Entertainment,2017-09-25,UC0p0-50FlBoGwqzIwKIeFcw,Crazy Prank TV,1079073,85,14059.0,2.797,2019-09-30 01:00:00,1090000.0,735 days 01:00:00,1482.9931972789116,1
Entertainment,2017-10-01,UC4nJYhPocNIafnWMGDckCmg,CuteDoodlesOfficial,1077667,81,15399.0,2.8185,2019-09-30 01:00:00,1077202.3809523808,729 days 01:00:00,1477.643869619178,1
Entertainment,2012-12-10,UC2vlpX8sNDBmPcY_1_QSGJg,tlc uk,3350000,1693,2811.0,2.219,2019-09-30 00:00:00,3368571.4285714286,2485 days 00:00:00,1355.561943087094,1
Entertainment,2016-12-07,UC-FRt8YnGNO0sX7ek2yLdBQ,Lovers Baby,1138962,194,14354.0,2.8435,2019-03-18 00:00:00,1103807.125,831 days 00:00:00,1328.2877557160048,1
Entertainment,2014-02-11,UC4PziMH5MvvsmqM0VCZTy-g,The Graham Norton Sh...,2720000,877,4041.0,2.329,2019-09-23 00:00:00,2720000.0,2050 days 00:00:00,1326.8292682926829,1
Entertainment,2013-02-19,UC06UXRnhvgWfYWnnYq2CYVQ,Sumeet Music,3169782,1918,3027.0,2.227,2019-09-30 00:00:00,3201428.571428572,2414 days 00:00:00,1326.1924488105103,1
Entertainment,2015-04-14,UC40Q0IQcy9AAz2rctU2CaXw,Fun Factory,2130000,160,6484.0,2.482,2019-09-23 00:00:00,2128571.4285714286,1623 days 00:00:00,1311.5042689904058,1
Entertainment,2015-06-05,UC4mLlRa_dezwvytudo9s1sw,Deestroying,1990000,311,5716.0,2.449,2019-09-30 01:00:00,2033035.7142857143,1578 days 01:00:00,1288.3623030961437,1
Entertainment,2015-06-30,UC0HG_RXwktVyY61D30IkyOg,Kidscoco Club,1970000,280,6403.0,2.4565,2019-09-23 00:00:00,1990000.0,1546 days 00:00:00,1287.1927554980596,1
Entertainment,2016-12-06,UC0s0yoTQ4RdX-FqioPnZ-aQ,Joel and Lauren Tv,1320000,493,11597.0,2.6605,2019-09-30 01:00:00,1320000.0,1028 days 01:00:00,1284.046692607004,1
Entertainment,2009-08-08,UC2LOY_zd1ZAc1kZPyzoqhMQ,Meredith Foster,4670000,419,2005.0,2.0995,2019-09-23 00:00:00,4670000.0,3698 days 00:00:00,1262.8447809626823,1
Entertainment,2010-02-10,UC0CG8Kj2DqFc9bJld0hJKBA,Ryland Adams,4410000,92,2004.0,2.0995,2019-09-30 00:00:00,4425714.285714285,3519 days 00:00:00,1257.6624852839686,1
Entertainment,2014-07-23,UC4E1gPBh0_eJ5oftWVsewZA,Jungle Survival,2300000,60,4577.0,2.384,2019-09-23 00:00:00,2312857.1428571427,1888 days 00:00:00,1225.0302663438256,1
Entertainment,2015-04-23,UC1YZ751mYZkTNFXjGXTklsQ,ImDontai,1970000,1773,6485.0,2.483,2019-09-30 00:00:00,1980000.0,1621 days 00:00:00,1221.4682294879703,1
Entertainment,2014-05-27,UC1cWTErb7vw_UmmuB0dYgsQ,TV-People,2280000,11817,5241.0,2.392,2019-09-30 00:00:00,2295714.285714286,1952 days 00:00:00,1176.083138173302,1
Entertainment,2016-10-26,UC08d1QqBdQFwcJo9BbA-Gug,Said BabyShow,1250000,14,11466.0,2.6575,2019-09-30 01:00:00,1240000.0,1069 days 01:00:00,1159.9625818521984,1
Entertainment,2016-09-05,UC4S2Q8PetbDrf7ih_BUMeDA,Star Golpo,1250000,4653,10895.0,2.6285,2019-09-30 00:00:00,1271428.5714285714,1120 days 00:00:00,1135.204081632653,1
Entertainment,2017-07-08,UC023Zh9CowqW_kXPvmMs7Eg,Yaya and Dj Fun Kids...,894840,343,17256.0,2.8205,2019-09-30 01:00:00,899732.1428571428,814 days 01:00:00,1105.3220428220427,1
Entertainment,2012-03-02,UC4G10tk3AHFuyMIuD3rHOBA,RDCworld1,3000000,196,3398.0,2.2895,2019-09-23 00:00:00,3010000.0,2761 days 00:00:00,1090.1847156827237,1
Entertainment,2017-01-24,UC2dPpN6EN2U3bbesRe6GNVQ,Vania Mania kids sho...,1050000,287,10628.0,2.6115,2019-09-30 01:00:00,1067202.3809523808,979 days 01:00:00,1090.0943625662726,1
Entertainment,2015-09-27,UC-oYoxvcItOG5V67gPtOHXA,Kwesi Bouie,1560000,328,8773.0,2.5895,2019-09-23 00:00:00,1560000.0,1457 days 00:00:00,1070.6932052161976,1
Entertainment,2018-12-12,UC-_KiH_Z2yerhAD_cAjAMOA,Not Enough Nelsons,284000,72,40897.0,3.3725,2019-09-30 01:00:00,308202.3809523809,292 days 01:00:00,1055.4876060013044,1
Entertainment,2016-05-24,UC1PkRYud11ogYDqgdqd23Zw,Based Zeus,1280000,203,11725.0,2.6665,2019-09-23 00:00:00,1280000.0,1217 days 00:00:00,1051.7666392769104,1
Entertainment,2019-02-11,UC4B6dDVB0Umrh5l4UgxUtyg,MY FAMILY,231000,90,57527.0,3.554,2019-09-23 00:00:00,234000.0,224 days 00:00:00,1044.642857142857,1
Entertainment,2015-10-15,UC2O-N1R4x56XhndL4qqfKcw,Arré,1500000,646,9264.0,2.5635,2019-09-30 00:00:00,1510000.0,1446 days 00:00:00,1044.2600276625174,1
Entertainment,2013-11-21,UC3rrzHpFzshYjIMk8YFc52w,CooL Vines,2190000,105,5594.0,2.447,2019-09-30 00:00:00,2204285.714285714,2139 days 00:00:00,1030.5216055566686,1
Entertainment,2017-04-22,UC-SDYxPtq8BL8vOI9HG7_5A,The Akash Creations,750000,214,21485.0,2.9565,2019-05-06 00:00:00,754255.75,744 days 00:00:00,1013.7846102150538,1
Entertainment,2014-12-23,UC4lSbQrg-x4AoTC3_JS3HMg,HelloItsAmie,1760000,170,8190.0,2.551,2019-09-30 00:00:00,1760000.0,1742 days 00:00:00,1010.332950631458,1
Entertainment,2017-10-31,UC18p9-h6Xfmb9F1t7aadUAQ,Hamza Javed,686000,60,21883.0,2.939,2019-09-23 01:00:00,688595.2380952381,692 days 01:00:00,995.0798238370492,1
Entertainment,2018-06-30,UC30lN3zJM29hOoNKPQ0cxYg,Fish & Fishing,435913,942,32373.0,3.1155000000000004,2019-09-30 00:00:00,448285.7142857143,457 days 00:00:00,980.931541106596,1
Entertainment,2018-04-05,UC48SY--ei1_Z6Ij70Kkr1Ww,Stargirl the Practic...,521949,121,27760.0,2.9810000000000003,2019-09-30 00:00:00,530857.1428571428,543 days 00:00:00,977.637463825309,1
Entertainment,2017-01-20,UC41hszq3ex3RFkRD9rAFO-w,Maithili Ganga,944366,813,15000.0,2.785,2019-09-30 00:00:00,959714.2857142856,983 days 00:00:00,976.3115826188052,1
Entertainment,2007-04-07,UC1KdVb6D5C0pJqEA8cZPL6Q,NICOLE SKYES,4410000,500,2166.0,2.138,2019-09-30 00:00:00,4410000.0,4559 days 00:00:00,967.3173941653872,1
Entertainment,2015-11-27,UC2I6Et1JkidnnbWgJFiMeHA,Steve1989MREInfo,1330000,194,10134.0,2.639,2019-09-30 00:00:00,1338571.4285714286,1403 days 00:00:00,954.0779961307404,1
Entertainment,2018-03-28,UC-6iC-iW5sAztkftmm09ykw,Huong Slime,522000,239,33363.0,3.1905,2019-09-30 01:00:00,525000.0,551 days 01:00:00,952.8130671506352,1
Entertainment,2014-03-25,UC1vmrEuIxO2Fv7VuTO4sRMA,Kids Monster,1880000,662,7211.0,2.5175,2019-09-30 00:00:00,1880000.0,2015 days 00:00:00,933.0024813895782,1
Entertainment,2014-10-20,UC3OPDZ5HemsYCIrisJTK-nA,Cherbear Toys and Ki...,1680000,699,7968.0,2.5755,2019-09-30 00:00:00,1680000.0,1806 days 00:00:00,930.2325581395348,1
Entertainment,2017-09-14,UC1W2JL-3XugukNaj3IWoM3g,McQueen,679000,437,24107.0,2.917,2019-09-16 00:00:00,678421.25,732 days 00:00:00,926.8049863387978,1
Entertainment,2013-06-08,UC1px1GsH4LCqCFliQTqd_Tw,Andrews Toy Channel,2100000,212,6440.0,2.4695,2019-09-23 00:00:00,2100000.0,2298 days 00:00:00,913.8381201044386,1
Entertainment,2016-11-17,UC1m-_gXpsBATPL_HSVzMBfA,Australian Ninja War...,925000,869,17476.0,2.8255,2019-09-30 00:00:00,930857.1428571428,1047 days 00:00:00,889.0708145722472,1
Entertainment,2013-12-27,UC0dQFymlTdbTuj4pLZd80uQ,Hannah Meloche,1860000,101,7590.0,2.5285,2019-09-30 00:00:00,1864285.7142857143,2103 days 00:00:00,886.4886896270634,1
Entertainment,2012-12-08,UC1KsxDW7hhfeq5QQmFtInIw,julien solomita,2180000,845,5736.0,2.4565,2019-09-30 00:00:00,2197142.8571428573,2487 days 00:00:00,883.4510885174336,1
Entertainment,2017-09-14,UC-XXD_eJ1NUeWb1T4q92PoA,Taylor Girlz VLOGS,642000,136,25350.0,2.9730000000000003,2019-09-30 00:00:00,647285.7142857143,746 days 00:00:00,867.6752202221371,1
Entertainment,2015-10-02,UC-UQTS0W3N8V65oIV_3phCA,BeAHeroKids,856478,24,18424.0,2.924,2017-11-26 23:00:00,681409.9322916665,786 days 23:00:00,866.9337560962679,1
Entertainment,2019-06-04,UC2iSrAs-mQ1yKqM38eonAjQ,Australia's Got Tale...,97100,100,111288.0,4.9925000000000015,2019-09-30 00:00:00,100414.28571428572,118 days 00:00:00,850.9685230024214,1
Entertainment,2016-09-08,UC42VsoDtra5hMiXZSsD6eGg,The Modern Rogue,926000,227,16709.0,2.8215,2019-09-30 00:00:00,942428.5714285716,1117 days 00:00:00,843.7140299271008,1
Entertainment,2013-09-09,UC4M-MDoUMzJiOkXDPOXBeKg,Bollywood Hardcore,1850000,10753,7484.0,2.5245,2019-09-30 00:00:00,1850000.0,2212 days 00:00:00,836.3471971066908,1
Entertainment,2018-07-24,UC3qBUS1Rew19oo_jakF4iEA,Geo Films,360000,114,47621.0,3.3575000000000004,2019-09-30 00:00:00,361571.4285714286,433 days 00:00:00,835.0379412735072,1
Entertainment,2018-10-31,UC2ELbT5EzR4N7muo7qMmzeA,Lady Alice,279000,150,59110.0,3.5125,2019-09-30 01:00:00,278136.9047619048,334 days 01:00:00,832.7452238380383,1
Entertainment,2012-08-01,UC3lz95UPhKJW1aS3_za6SuQ,United CUBE (CUBE En...,2160000,1421,6012.0,2.456,2019-09-23 00:00:00,2161428.571428572,2609 days 00:00:00,828.4509664348685,1
Entertainment,2017-02-06,UC-_P5TZ0Ko_YiZ4ds4i2sDg,Car Pal,792000,199,19775.0,2.8715,2019-09-30 01:00:00,796738.0952380953,966 days 01:00:00,824.7806368924381,1
Entertainment,2015-03-06,UC37D-JTE7-V-L-VIrxzzZpQ,Slivki Show,1340000,173,10986.0,2.654,2019-09-23 00:00:00,1350000.0,1662 days 00:00:00,812.2743682310469,1
Entertainment,2009-11-20,UC2rJLq19N0dGrxfib80M_fg,HollywoodLife,2860000,8086,3930.0,2.3035,2019-09-30 00:00:00,2875714.2857142864,3601 days 00:00:00,798.5876938945532,1
Entertainment,2018-04-24,UC3EOz7Jz1W3eCOdaROqtrlA,FM TV,391000,17,31919.0,3.0855,2019-09-30 00:00:00,418428.5714285714,524 days 00:00:00,798.5278080697927,1
Entertainment,2011-08-21,UC4rK049V0A0xVUgXewVIYTQ,Jackson O'Doherty,2313835,87,5107.0,2.3905,2019-09-23 00:00:00,2330000.0,2955 days 00:00:00,788.4940778341794,1
Entertainment,2015-04-24,UC1USVpNwJDn6EiNwqxqT80g,TheHUB,1270000,399,12434.0,2.6860000000000004,2019-09-30 00:00:00,1270000.0,1620 days 00:00:00,783.9506172839506,1
Entertainment,2013-02-24,UC39eHhTEqiBlqRbmIIYjm-g,LoeyLane,1860000,1067,6925.0,2.5205,2019-09-23 00:00:00,1860000.0,2402 days 00:00:00,774.3547044129891,1
Entertainment,2016-10-11,UC2u_ZcQeKjDNwSNSqhzPYPQ,Kiraak Hyderabadiz,816821,158,18589.0,2.9035,2019-09-30 01:00:00,827172.619047619,1084 days 01:00:00,763.0743718151467,1
Entertainment,2016-05-28,UC43FtzoqAtvCIZ5dJKkNhmg,Zee Cinemalu,903000,1262,12553.0,2.6955,2019-09-23 01:00:00,916077.380952381,1213 days 01:00:00,755.2163074628038,1
Entertainment,2016-05-05,UC1K0Di0l79nMOxVCU7oHW-Q,Princess Ella's Worl...,937000,217,17980.0,2.894,2019-09-30 00:00:00,938428.5714285716,1243 days 00:00:00,754.9706930237905,1
Entertainment,2016-03-15,UC1xDf3axk2VWMEaMMFrKJfQ,Funkee Bunch,971000,138,15862.0,2.8235,2019-09-23 00:00:00,971285.7142857144,1287 days 00:00:00,754.6897546897547,1
Entertainment,2017-04-14,UC3ltUf1pM_2Rvvv0wLcHaCQ,Kpop Min,668000,163,24974.0,2.9605,2019-09-30 01:00:00,671154.7619047619,899 days 01:00:00,746.5570210286562,1
Entertainment,2015-11-20,UC03uDwvT6Jy2YjYJAsU4J7g,Little Big Shots,1051656,80,15777.0,2.8205,2019-09-30 00:00:00,1050000.0,1410 days 00:00:00,744.6808510638298,1
Entertainment,2018-04-02,UC-LOdiPoxninevJ0DkleCLg,Maddock Films,355000,19,29115.0,2.9960000000000004,2019-09-30 00:00:00,406428.5714285714,546 days 00:00:00,744.3746729461016,1
Entertainment,2015-11-04,UC1H2L_Y3CLVgX4UHsnicyFA,Jontavian Barber,556000,54,33094.0,3.185,2017-12-03 23:00:00,555162.046875,760 days 23:00:00,730.4763774671053,1
Entertainment,2012-05-13,UC03GdYOZbnLQAPDXmjc6W9g,Grace's World,1964970,249,6570.0,2.499,2019-09-30 00:00:00,1964285.7142857143,2696 days 00:00:00,728.5926239932174,1
Entertainment,2017-08-31,UC-3kgKqj1HxWG9_Q-NgYHGg,3 JOKERS - Pranks Ke...,548000,77,29737.0,3.036,2019-09-23 01:00:00,548297.6190476189,753 days 01:00:00,728.1508885094541,1
Entertainment,2012-08-18,UC1H1S5yLiYDZ3I0P5_pIvUg,Gabriel Conte,1892108,39,7516.0,2.5205,2019-09-30 00:00:00,1890000.0,2599 days 00:00:00,727.2027702962678,1
Entertainment,2013-07-30,UC4qbSRobYCjvwo4FCQFrJ4g,FUTURE INC.,1590000,141,9483.0,2.5985,2019-09-23 00:00:00,1590000.0,2246 days 00:00:00,707.9252003561887,1
Entertainment,2012-04-17,UC4kjDjhexSVuC8JWk4ZanFw,Variant Comics,1920000,739,7073.0,2.5165,2019-09-30 00:00:00,1920000.0,2722 days 00:00:00,705.3637031594416,1
Entertainment,2017-05-23,UC49lY9F3iV3m2pe1xVaxfwg,WildBrain Happy Kids...,597000,1040,27100.0,2.985,2019-09-30 00:00:00,602285.7142857143,860 days 00:00:00,700.3322259136213,1
Entertainment,2016-10-27,UC49jksLkSkmetiZv2p7uYNg,Kdeb Cooking,742000,354,21493.0,2.9555,2019-09-23 01:00:00,742595.2380952381,1061 days 01:00:00,699.9012611642206,1
Entertainment,2008-01-04,UC0gXT2T6KtmV0IHNNNvruAQ,Mikey Bolts,2955681,255,4038.0,2.3265,2019-09-30 00:00:00,2950000.0,4287 days 00:00:00,688.1268952647539,1
Entertainment,2016-04-03,UC1I6y-LbPit9WOBpC_bgLfg,Magic Balls,875000,316,19794.0,2.8695,2019-09-30 00:00:00,874142.8571428572,1275 days 00:00:00,685.6022408963586,1
Entertainment,2015-10-12,UC18vz5hUUqxbGvym9ghtX_w,Full Frontal with Sa...,965000,1008,16097.0,2.833,2019-09-30 00:00:00,968714.2857142856,1449 days 00:00:00,668.5398797200038,1
Entertainment,2017-05-04,UC0LoEc8qsG-L7-Uf_owqgAA,Charpoka,580000,38,29116.0,2.9955,2019-09-30 00:00:00,582428.5714285715,879 days 00:00:00,662.6036079960995,1
Entertainment,2016-09-01,UC2gQaoCItAC-IbT8RNwWqLQ,Shwetabh Gangwar,737000,236,21629.0,2.9515,2019-09-30 00:00:00,741571.4285714284,1124 days 00:00:00,659.76105744789,1
Entertainment,2013-08-27,UC4ON9AHLUa0eVk9U9_EQbUA,Prank King Entertain...,1440000,137,9353.0,2.5815,2019-09-30 00:00:00,1450000.0,2225 days 00:00:00,651.685393258427,1
Entertainment,2014-11-18,UC4eR_m8Fl0bVB7P_BEzX3fw,ApexTV,1140000,197,12889.0,2.7355,2019-09-30 00:00:00,1145714.2857142857,1777 days 00:00:00,644.7463622477691,1
Entertainment,2018-07-19,UC-TIZA-3XYVuTXFdCy-YRVg,Pandoria,281000,78,66448.0,4.008,2019-09-30 00:00:00,281000.0,438 days 00:00:00,641.5525114155251,1
Entertainment,2014-12-29,UC4KBb5dc273YV0VLzOQuI7A,Cosas Geniales,1090000,179,12797.0,2.7305,2019-09-30 01:00:00,1100000.0,1736 days 01:00:00,633.6405529953917,1
Entertainment,2014-04-03,UC3SKgWmW9hkd6CkDp7BE2yg,CERAADI,1260000,121,11985.0,2.698,2019-09-30 00:00:00,1270000.0,2006 days 00:00:00,633.1006979062812,1
Entertainment,2017-08-17,UC0Fj_bM4weAfqP3DZBBue0g,Brick Channel,481000,225,35064.0,3.2145,2019-09-23 00:00:00,484000.0,767 days 00:00:00,631.0299869621904,1
Entertainment,2009-05-22,UC2cS0jW3himSvxXyLbkHVkg,SUNDRANI,2320000,5418,4530.0,2.371,2019-09-30 00:00:00,2362857.1428571427,3783 days 00:00:00,624.5987689286658,1
Entertainment,2018-04-27,UC1MjtBgQdAK8tlYLwtypweA,Qu Play,321000,163,52855.0,3.5330000000000004,2019-09-23 00:00:00,321000.0,514 days 00:00:00,624.5136186770428,1
Entertainment,2012-01-21,UC2Yy_ZcisZbONOCBag8zYUQ,Angelica Hale,1720000,196,7208.0,2.5165,2019-09-30 00:00:00,1734285.7142857143,2809 days 00:00:00,617.4032446727356,1
Entertainment,2016-10-21,UC1Yy0f2MLc_3hK4Zng0UWpQ,Stars Cove,656000,672,24930.0,2.9595,2019-09-23 01:00:00,656005.9523809524,1067 days 01:00:00,614.8134511536574,1
Entertainment,2016-06-24,UC2Rwe7qAeQoXXWMrWkzCJQw,BuzzMoy,727000,219,21914.0,2.9455,2019-09-30 01:00:00,731434.5238095238,1193 days 01:00:00,613.105216940087,1
Entertainment,2009-08-13,UC0trTJPuBqkppbEcF_6xFtA,Claro the Third,2140000,79,4717.0,2.3675,2019-09-30 00:00:00,2251428.571428572,3700 days 00:00:00,608.4942084942086,1
Entertainment,2015-11-26,UC0vT2ZuZxpNSnJ5AO0FVqRw,PhilTheThrill,839000,78,16139.0,2.8415,2019-09-30 01:00:00,845160.7142857143,1404 days 01:00:00,601.9663207163208,1
Entertainment,2014-10-30,UC0UVvqXaH4k2NFkQ2_44Ghw,Offscreen Of Stars,1080000,2879,13973.0,2.809,2019-09-30 01:00:00,1080000.0,1796 days 01:00:00,601.3363028953229,1
Entertainment,2017-05-11,UC2POuzfsRx_pf3UeCftSnkw,Rick Grimes,512000,480,32757.0,3.1910000000000003,2019-09-23 00:00:00,512000.0,865 days 00:00:00,591.9075144508671,1
Entertainment,2016-06-07,UC1EyKXp8oFO2rDth0NX9TMg,Hindi Fusion Tv,639000,23,27289.0,2.971,2019-02-04 00:00:00,571204.5,972 days 00:00:00,587.658950617284,1
Entertainment,2014-10-23,UC-hVdQvK3h7WowzTeH97Yyw,THIRU TV,1050000,4604,15229.0,2.7880000000000003,2019-09-23 00:00:00,1051428.5714285714,1796 days 00:00:00,585.4279350938593,1
Entertainment,2013-08-14,UC4dD7XXdwPIrTLStHwfsJOQ,World List,1310000,536,11256.0,2.6460000000000004,2019-09-30 00:00:00,1310000.0,2238 days 00:00:00,585.3440571939232,1
Entertainment,2017-03-21,UC2wtfuvVfxDtPtPf4m9x72Q,Best 4 Kids TV,305770,359,53840.0,3.513,2018-09-17 00:00:00,318385.5,545 days 00:00:00,584.1935779816514,1
Entertainment,2017-02-18,UC2M5vQTb6zotwHZzT06gfzw,Fahd Music,539000,95,32095.0,3.1005000000000003,2019-09-30 00:00:00,541714.2857142857,954 days 00:00:00,567.8346810422282,1
Entertainment,2018-01-07,UC0bMq6TXzrdrop-j752R7hA,The Best Fun Video I...,353000,56,49976.0,3.4195,2019-09-30 00:00:00,358285.7142857142,631 days 00:00:00,567.8062033054108,1
Entertainment,2018-11-18,UC4iSyJRjuoZtv7DA43fU0Ug,Sukie Online,174739,61,90167.0,3.777,2019-09-23 01:00:00,175148.80952380953,309 days 01:00:00,566.8246262906457,1
Entertainment,2018-06-08,UC3p6T7m8m6DZY9RaXN2PnAA,MonkeyY1,263000,90,52907.0,3.526,2019-09-30 01:00:00,268589.2857142857,479 days 01:00:00,560.729197733373,1
Entertainment,2016-10-17,UC-x4iL-dib6tLIfSD4orfQw,Talking Thrones,603000,381,27359.0,2.9685,2019-09-30 01:00:00,602422.6190476189,1078 days 01:00:00,558.8335983744146,1
Entertainment,2015-04-22,UC4KHxPFEMOmBgWy-RrhKqQg,5x One,874000,273,18188.0,2.9235,2019-09-30 00:00:00,899142.8571428572,1622 days 00:00:00,554.3420820856086,1
Entertainment,2016-10-19,UC23zfpquyxJLwpLDDzeBVuQ,Ryan Hall,592000,371,29328.0,2.983,2019-09-30 01:00:00,592577.3809523811,1076 days 01:00:00,550.7224730040716,1
Entertainment,2017-10-08,UC-_Bni_m4eCnq0fH5Hxm8ww,Art Craft Kids TV,391478,164,44947.0,3.3405,2019-09-30 01:00:00,396160.7142857143,722 days 01:00:00,548.6990502572221,1
Entertainment,2017-01-16,UC-lOspl25MERm5cT4Dm19LQ,Daily Doze Of SaTiSf...,432000,33,43583.0,3.377,2019-04-15 01:00:00,447622.609375,819 days 01:00:00,546.5477525946276,1
Entertainment,2013-03-18,UC2cZjd8SBxVvZFGC5FEXn2Q,Amazon India,1140000,912,13265.0,2.7710000000000004,2019-09-30 00:00:00,1302857.142857143,2387 days 00:00:00,545.8136333712371,1
Entertainment,2017-12-29,UC1jhJh20hEgr_5u4ubSYzGg,প্রহেল�...,342000,77,48544.0,3.4,2019-09-23 01:00:00,345029.7619047619,633 days 01:00:00,545.0707139095764,1
Entertainment,2017-11-26,UC2rGtlnmxBV28PYUsFTTZoA,Good Eating ASMR,363000,348,50949.0,3.4610000000000003,2019-09-30 01:00:00,363000.0,673 days 01:00:00,539.3759286775631,1
Entertainment,2019-01-02,UC-ZNWFmp2t-n6bZYFVmvmXQ,BEBA TOYS,145575,84,122803.0,4.334499999999999,2019-09-30 00:00:00,145000.0,271 days 00:00:00,535.0553505535055,1
Entertainment,2012-03-08,UC3k6-S3DP_g0zb_9TTdN0VA,Parveen Sharma,1439642,201,9312.0,2.572,2019-09-30 01:00:00,1457202.3809523808,2762 days 01:00:00,527.5895658770387,1
Entertainment,2013-10-11,UC0FXfjJhmlEBjXDcBEkoNCg,Sri Balaji Full Movi...,1130000,210,11904.0,2.7060000000000004,2019-09-23 00:00:00,1140000.0,2173 days 00:00:00,524.6203405430281,1
Entertainment,2015-10-23,UC2-_jG0VNPTB35zCy9JymFg,Status of SuFiYaN,726000,969,22104.0,2.942,2019-09-23 00:00:00,727428.5714285716,1431 days 00:00:00,508.3358290905462,1
Entertainment,2016-05-12,UC0PEAMcRK7Mnn2G1bCBXOWQ,American Ninja Warri...,623000,525,27910.0,2.9795000000000003,2019-09-23 00:00:00,624000.0,1229 days 00:00:00,507.7298616761595,1
Entertainment,2014-10-18,UC30bmaVlUNnIb1Gm5I566ew,TahseeNation,910000,118,16739.0,2.822,2019-09-30 00:00:00,914142.8571428572,1808 days 00:00:00,505.60998735777497,1
Entertainment,2011-02-03,UC0vw9w8lyZLgx222zM3zvwA,Naty TubeFun,1590000,263,8997.0,2.5555,2019-09-30 00:00:00,1597142.8571428568,3161 days 00:00:00,505.2650607854656,1
Entertainment,2013-06-18,UC3vABwrHdAD4BPnfvJCoddg,BIG Magic,1130000,13453,13316.0,2.7845,2019-09-23 00:00:00,1148571.4285714286,2288 days 00:00:00,501.99800199800205,1
Entertainment,2016-12-04,UC-lTjNx7oP91DydDbgFJTlw,Mae Layug,508000,369,31053.0,3.071,2019-09-30 01:00:00,513452.380952381,1030 days 01:00:00,498.49745723532135,1
Entertainment,2016-03-26,UC4L0Prj8h2mOlYT_t32EJqw,Punjabi Bass Boosted...,622788,257,25913.0,3.0235,2019-09-30 00:00:00,628571.4285714285,1283 days 00:00:00,489.9231711390713,1
Entertainment,2014-02-18,UC2hAbftpVjHtFrDOpEM90aA,Action Movie Kids,1000000,152,16946.0,2.8425,2019-09-30 00:00:00,1000000.0,2050 days 00:00:00,487.8048780487805,1
Entertainment,2016-08-23,UC3rn3yj-3LlNWnY5ta8qVXA,Entertaining Videos,531000,134,25664.0,3.01,2019-09-30 01:00:00,544648.8095238096,1133 days 01:00:00,480.71386542260336,1
Entertainment,2014-09-16,UC15sF31QE-7rooIlSKnTq_w,MSK vlogs,878000,373,15959.0,2.8295,2019-09-23 00:00:00,879714.2857142857,1833 days 00:00:00,479.9314161016288,1
Entertainment,2007-02-08,UC2ccm1GajfSujz7T18d7cKA,BBC Studios,2190000,5919,5460.0,2.436,2019-09-30 00:00:00,2201428.571428572,4617 days 00:00:00,476.809307218664,1
Entertainment,2018-10-01,UC4qEoWs2pzfmqoLbDyqFKew,Family Entertainment...,172000,39,78706.0,3.6495,2019-09-30 00:00:00,173142.85714285713,364 days 00:00:00,475.6671899529042,1
Entertainment,2014-09-11,UC2MmSG2tD9JF9oOLkxs3cfQ,Success TV,867000,120,18285.0,2.943,2019-09-30 00:00:00,877285.7142857143,1845 days 00:00:00,475.493612078978,1
Entertainment,2013-01-09,UC0L1suV8pVgO4pCAIBNGx5w,60 Minutes Australia...,1144245,2259,10277.0,2.6525000000000003,2019-09-30 00:00:00,1165714.2857142857,2455 days 00:00:00,474.83270293860926,1
Entertainment,2017-11-20,UC27WqDZ12bawshuJv6fDVaw,AdiBen Toys,309000,132,44014.0,3.3515,2019-09-30 01:00:00,315303.5714285714,679 days 01:00:00,464.3646118241111,1
Entertainment,2013-04-12,UC0NQR0vFsp3hax5J_kdGnCA,DoubleZWWE (TheDoubl...,1090000,2190,13627.0,2.8215,2019-09-30 00:00:00,1095714.2857142857,2362 days 00:00:00,463.89258497641225,1
Entertainment,2017-12-04,UC3eTHGL1KiDJcNgOKQjLE_w,Alish Rai,302000,58,50166.0,3.419,2019-09-23 01:00:00,302005.9523809524,658 days 01:00:00,458.9756115212043,1
Entertainment,2015-10-15,UC3a4fI5cjd_cl4pz5Rj8mwg,Wow Kidz Rhymes,655000,343,23678.0,2.9485,2019-09-23 00:00:00,660000.0,1439 days 00:00:00,458.65184155663655,1
Entertainment,2006-09-20,UC0k238zFx-Z8xFH0sxCrPJg,Architectural Digest...,2080000,335,4407.0,2.365,2019-09-30 00:00:00,2171428.571428572,4758 days 00:00:00,456.3742268660303,1
Entertainment,2014-03-23,UC4Zbd-xUU2VUu8glPHYopyg,Avrey Ovard,914000,194,17777.0,2.8345,2019-09-23 00:00:00,915000.0,2010 days 00:00:00,455.2238805970149,1
Entertainment,2011-10-09,UC1HlihY-iNtOemAlYQq3GXQ,The Ukulele Teacher,1320000,702,10685.0,2.604,2019-09-23 00:00:00,1320000.0,2906 days 00:00:00,454.2326221610461,1
Entertainment,2017-06-15,UC-oWoq-C63sHG64k7rPlWEg,Notorious Court,377000,72,44500.0,3.3555,2019-09-23 00:00:00,377000.0,830 days 00:00:00,454.2168674698795,1
Entertainment,2017-06-15,UC0s1JNEp5AvBYcJUhY6emtQ,First Kut Production...,378000,14,42630.0,3.3255000000000003,2019-09-30 00:00:00,379714.2857142858,837 days 00:00:00,453.6610343061957,1
Entertainment,2017-04-17,UC2eoRJgOROGhUY8KewWRa7A,LifeWithLanea,405000,127,44380.0,3.3505000000000003,2019-09-30 00:00:00,406428.5714285714,896 days 00:00:00,453.6033163265306,1
Entertainment,2015-05-19,UC-qgc-DdL4FkDyQ8tezWGUA,Lychee,703000,441,19879.0,2.8435,2019-09-30 00:00:00,715857.1428571428,1595 days 00:00:00,448.8132557098074,1
Entertainment,2014-11-24,UC4gDYbCEIb69uvFmCX5Lyuw,Stephanie Buttermore...,787000,90,18567.0,2.905,2019-09-30 01:00:00,791869.0476190477,1771 days 01:00:00,447.13102632357294,1
Entertainment,2013-06-21,UC0XBdK3gm_7ezobbPAloccQ,Cine Sansaar,1010000,142,14356.0,2.8465000000000003,2019-09-23 00:00:00,1010000.0,2285 days 00:00:00,442.01312910284463,1
Entertainment,2017-07-01,UC-FHrtUlDpXIyqCl94Q6uog,KB AND KARLA,343000,98,30943.0,3.059,2019-09-23 00:00:00,355665.75,814 days 00:00:00,436.9358108108109,1
Entertainment,2017-02-19,UC1WWYrEiFtwTAu1PvUcEbBg,sheisMichaela,433000,129,35169.0,3.2095,2019-06-24 00:00:00,371799.25,855 days 00:00:00,434.85292397660817,1
Entertainment,2015-03-12,UC-nTLmgjaLLusosOy7c_qVQ,Hectorius Alkaline,714925,12,22281.0,2.9565,2019-09-30 00:00:00,722714.2857142857,1663 days 00:00:00,434.58465767545744,1
Entertainment,2015-05-07,UC0SIHdEcfg4BsM8X5tixwHQ,Kalaignar TV,671000,13922,24023.0,2.934,2019-09-30 00:00:00,693571.4285714285,1607 days 00:00:00,431.5939194595075,1
Entertainment,2016-11-19,UC1EW42tsTQTuFIkKcAhufkw,Talking Nonsense,446475,164,37848.0,3.2070000000000003,2019-09-30 01:00:00,448577.38095238095,1045 days 01:00:00,429.2606516290727,1
Entertainment,2013-02-27,UC1R3uROUkpqg3fYuA0C2_RA,FastFoodToyReviews,1031156,633,15636.0,2.8305,2019-09-30 00:00:00,1030000.0,2406 days 00:00:00,428.09642560266,1
Entertainment,2013-04-25,UC4RH7UBW2_c8qUP2qcF6zmQ,Nikki Lilly,1000000,222,15774.0,2.8195,2019-09-23 00:00:00,1000000.0,2342 days 00:00:00,426.9854824935952,1
Entertainment,2014-08-26,UC3nzFvADzctm2hdQYrSurgg,Karachi Vynz Officia...,783000,240,20860.0,2.9475,2019-09-30 00:00:00,785857.1428571428,1861 days 00:00:00,422.2768097029247,1
Entertainment,2016-11-21,UC09O9U88SPl2o5st7Caj2QA,Amazing Crafts,430822,40,43138.0,3.3845,2019-09-30 01:00:00,430000.0,1043 days 01:00:00,412.2722914669224,1
Entertainment,2012-03-02,UC3N-rumPZ_LUphHFN-87q0Q,OliWhiteVlogs,1140000,487,13262.0,2.7675,2019-09-30 00:00:00,1140000.0,2768 days 00:00:00,411.84971098265896,1
Entertainment,2008-07-18,UC3AgxXIspxGB8Mb-6bO9YlA,Hulyan Maya,1680000,3388,8558.0,2.5565,2019-09-30 00:00:00,1680000.0,4091 days 00:00:00,410.65754094353457,1
Entertainment,2018-09-05,UC0HowZa_wwVoBQRKO3bwCeg,Dr. Garuda,154601,20,64318.0,3.8025,2019-09-30 00:00:00,159857.14285714287,390 days 00:00:00,409.8901098901099,1
Entertainment,2017-12-26,UC-l69It3hxAY3tkBH_utLNQ,Life Uncontained,260000,89,59655.0,3.5825,2019-09-30 00:00:00,262428.5714285714,643 days 00:00:00,408.1315263274828,1
Entertainment,2006-12-29,UC1BpLo2iuRGken9ow0YjHlQ,ZingTV,1882595,2098,6504.0,2.49,2019-09-23 00:00:00,1884285.7142857143,4651 days 00:00:00,405.1356083177197,1
Entertainment,2017-07-24,UC2gvCvAuA1JtDXrxWG5NsKw,Sumit Parihar,316957,60,54814.0,3.5185,2019-09-30 00:00:00,319142.8571428572,798 days 00:00:00,399.9283924095955,1
Entertainment,2016-07-19,UC1LIheyqQXmQMqY873BlmDg,RAD DAD,444000,33,33164.0,3.2005,2019-09-30 00:00:00,459142.8571428572,1168 days 00:00:00,393.10176125244624,1
Entertainment,2015-12-15,UC36cfjgaoGduvefBsxC847Q,Yeezy Busta,540000,83,32463.0,3.1315,2019-09-30 00:00:00,541428.5714285715,1385 days 00:00:00,390.92315626611656,1
Entertainment,2012-01-10,UC484t-OxeBT3WKPtqCBomBg,CDS India,1080000,7719,14364.0,2.853,2019-09-30 00:00:00,1090000.0,2820 days 00:00:00,386.5248226950355,1
Entertainment,2011-10-17,UC3T5fmgL4Kvk3kG1kF6JFeA,FF Channel,1108776,6516,13844.0,2.803,2019-09-30 00:00:00,1115714.2857142857,2905 days 00:00:00,384.06687976395375,1
Entertainment,2014-09-02,UC2laTN1fRhV4gzg8jCBxc7g,LAZY BOYS PRODUCTION...,713000,188,25045.0,2.9625,2019-09-30 00:00:00,712000.0,1854 days 00:00:00,384.03451995685,1
Entertainment,2015-01-19,UC-ir6MfYIuyvVJS_DhOhcJw,Be. Busta,655145,596,26383.0,3.0025,2019-09-30 00:00:00,656571.4285714285,1715 days 00:00:00,382.8404831320283,1
Entertainment,2014-07-29,UC2dSyfqIzD26IpRz5kdyyyQ,Yrndj,713000,406,21630.0,2.951,2019-09-30 00:00:00,717571.4285714284,1889 days 00:00:00,379.8684111018679,1
Entertainment,2013-01-12,UC2NzJuX6FTyOhoBrFj9Ms1Q,TheRailzone,919000,851,16788.0,2.8105,2019-09-30 00:00:00,923142.8571428572,2452 days 00:00:00,376.4856676765323,1
Entertainment,2014-05-14,UC4-2kZG5ZxLS97ShD8Vu3kg,Dancercise Studio,730000,261,22714.0,2.9595,2019-09-30 00:00:00,731714.2857142857,1965 days 00:00:00,372.3736822973464,1
Entertainment,2014-07-09,UC-Ol-Sa-VmR_QqQHgixm1cw,Cambodia Wild,703733,33,24099.0,2.9185000000000003,2019-09-23 01:00:00,707744.0476190477,1902 days 01:00:00,372.10517750738575,1
Entertainment,2017-03-28,UC3ijX8xpDNDCoMgzR9KFwjw,Sangeeta Natok,337000,242,49058.0,3.437,2019-09-23 00:00:00,338142.8571428572,909 days 00:00:00,371.9943422913721,1
Entertainment,2017-06-05,UC4WCW4SQWgr0B3gSRgBxKSQ,Riley Lewis,311584,56,58257.0,3.5940000000000003,2019-09-23 00:00:00,311000.0,840 days 00:00:00,370.2380952380952,1
Entertainment,2016-08-28,UC44fIz7H3LKeIz3jyT0hy6g,Asif Bantaye,416000,114,39078.0,3.2310000000000003,2019-09-30 00:00:00,417428.5714285714,1128 days 00:00:00,370.0607902735562,1
Entertainment,2007-08-18,UC-A4oZF4AlOEdlyZWBCI0cQ,JustKiddingFilms,1630000,555,9149.0,2.5580000000000003,2019-09-23 00:00:00,1630000.0,4419 days 00:00:00,368.8617334238516,1
Entertainment,2017-01-20,UC0k173Oca1nPZurW2ITHlYw,Wonder World,353179,160,47450.0,3.3230000000000004,2019-09-30 00:00:00,361857.1428571429,983 days 00:00:00,368.1150995494841,1
Entertainment,2016-04-18,UC0uJKUXiU5T41Fzawy5H6mw,ScammerRevolts,458000,447,30700.0,3.063,2019-09-30 00:00:00,462142.8571428572,1260 days 00:00:00,366.780045351474,1
Entertainment,2018-06-04,UC3KdjaFaKNPMa2U4l5tPeHg,Peter Dance Academy ...,174000,36,90347.0,3.7665,2019-09-23 00:00:00,174285.7142857143,476 days 00:00:00,366.1464585834334,1
Entertainment,2017-02-26,UC2iQl1dciwxqmBugWx1T7fA,Magic Trick Guru,342000,307,49057.0,3.4385,2019-09-30 00:00:00,345000.0,946 days 00:00:00,364.6934460887949,1
Entertainment,2019-01-02,UC3usBDsLlce31r3-LHKbvhA,Sey Baby,98000,12,166036.0,5.405,2019-09-30 00:00:00,98142.85714285712,271 days 00:00:00,362.1507643647864,1
Entertainment,2017-12-19,UC3ClFnf4HydGPsnpexAmM0w,NatickFun Show,232000,456,58936.0,3.5705,2019-09-30 01:00:00,234726.1904761905,650 days 01:00:00,361.1172161172162,1
Entertainment,2018-02-15,UC0FvFYSfpqCiU8ndrSRvxOw,Asian TV Music,210000,976,61885.0,3.804,2019-09-30 01:00:00,213577.3809523809,592 days 01:00:00,360.7726029601029,1
Entertainment,2019-01-01,UC4KvfbBBN-OJdLtog5IjZcQ,Baba ji ki Booty 2.0...,97000,54,150446.0,4.797,2019-09-30 01:00:00,98066.07142857143,272 days 01:00:00,360.5370273109244,1
Entertainment,2007-04-08,UC169v8urEwyw59gnKIHwY4A,DJ BL3ND,1640000,111,8858.0,2.5685,2019-09-30 00:00:00,1640000.0,4558 days 00:00:00,359.8069328652918,1
Entertainment,2016-05-21,UC3jdnIP2u5hCJpVZ-TuDrCg,Whang!,435000,320,32620.0,3.168,2019-09-30 00:00:00,437428.5714285714,1227 days 00:00:00,356.5025032017697,1
Entertainment,2016-05-17,UC18F2psmh4KUrFwEsH1Lsbg,Factrikz,434000,1299,31213.0,3.1135,2019-09-30 00:00:00,437571.4285714286,1231 days 00:00:00,355.4601369386097,1
Entertainment,2018-12-12,UC3wL5I2DhJPeUkBfDVz-GDw,Naked Attraction,100877,94,145660.0,4.0835,2019-09-30 01:00:00,103726.19047619047,292 days 01:00:00,355.2266797129811,1
Entertainment,2015-02-22,UC2l1AZ5OOWgKz-Zgpw4SLMw,Mazzako TV,592000,1939,27603.0,2.995,2019-09-30 00:00:00,595714.2857142857,1681 days 00:00:00,354.3808957253335,1
Entertainment,2014-07-27,UC-2LFZuQgOELcahojfQSurQ,Peachy Liv,659000,132,22149.0,2.94,2019-09-23 00:00:00,667000.0,1884 days 00:00:00,354.0339702760085,1
Entertainment,2016-06-30,UC4BjX3BqigeWAOp0kLkKSIA,NEETprep NEET Prepar...,414556,1353,39667.0,3.28,2019-09-23 00:00:00,417000.0,1180 days 00:00:00,353.3898305084746,1
Entertainment,2012-03-27,UC-9PtvEZ0P2kSYtSZKlKyRg,Magic of Y,967000,259,17707.0,2.867,2019-09-30 00:00:00,967857.1428571428,2743 days 00:00:00,352.84620592677464,1
Entertainment,2016-03-16,UC0POdB2mQiviQG4f_rpTbIA,Shree Cine News,447000,3917,36608.0,3.2260000000000004,2019-09-23 01:00:00,448148.8095238095,1286 days 01:00:00,348.4827445752796,1
Entertainment,2006-08-24,UC0IXvMUUPeYNVGe88ieMDEg,Seventeen,1650000,3363,7685.0,2.536,2019-09-23 00:00:00,1660000.0,4778 days 00:00:00,347.42570113018,1
Entertainment,2010-01-21,UC24mtcRvK9n0zuz1Kz_ihmw,SnewJ,1210000,289,11557.0,2.6805,2019-09-30 00:00:00,1220000.0,3539 days 00:00:00,344.73014975981914,1
Entertainment,2019-06-12,UC1xIWDB3JBJOal6XkHrUyFQ,Gooddays,34300,77,358353.0,8.0055,2019-09-23 00:00:00,35485.71428571428,103 days 00:00:00,344.52149791955617,1
Entertainment,2015-09-19,UC4n2bh8QwbFDdfL5Dfloexw,Hood Edition,501000,59,36026.0,3.3105,2019-09-23 00:00:00,501000.0,1465 days 00:00:00,341.9795221843003,1
Entertainment,2016-02-26,UC-d9fd3MUmY-2ihNMiNs0rA,Craziest Food Compet...,447000,274,38767.0,3.252,2019-09-30 00:00:00,447000.0,1312 days 00:00:00,340.7012195121951,1
Entertainment,2018-02-25,UC1QoFenC1BIg_iPG4QSRmtg,Ranimated,193000,22,68677.0,3.9085,2019-09-23 01:00:00,194595.23809523808,575 days 01:00:00,338.4265010351967,1
Entertainment,2013-05-03,UC0Rp4wkphkKwnL2qJB8XnKw,Smasher,779000,149,20463.0,2.9265000000000003,2019-09-23 00:00:00,783857.1428571428,2334 days 00:00:00,335.8428204186559,1
Entertainment,2018-08-16,UC2FWu3RsYfv-JK46b3DppLw,Kaycee Rice,132000,34,106674.0,4.529,2019-09-30 00:00:00,137285.7142857143,410 days 00:00:00,334.84320557491293,1
Entertainment,2011-01-03,UC193r5YXcpQJV34N99ZbhzQ,Colion Noir,1040000,657,13675.0,2.817,2019-09-23 00:00:00,1060000.0,3185 days 00:00:00,332.8100470957614,1
Entertainment,2016-07-01,UC0OfFNo_U_goQYUEYMoU4BQ,DR BROTHERS,394000,115,45876.0,3.2865,2019-09-30 00:00:00,394428.5714285714,1186 days 00:00:00,332.57046494820526,1
Entertainment,2012-08-02,UC0mjkSKz9oMZJJmzNbXAwWA,BriaAndChrissy,853000,328,20083.0,2.863,2019-09-23 00:00:00,853000.0,2608 days 00:00:00,327.07055214723925,1
Entertainment,2015-12-22,UC1HlzKED9QZxOyOx59eUB5g,Patrick Minor,450000,537,37084.0,3.269,2019-09-30 00:00:00,450000.0,1378 days 00:00:00,326.5602322206096,1
Entertainment,2018-06-13,UC3hMaRzpd5zN-s-BTZ5t_UQ,Abby dela Paz,153000,87,103316.0,4.0845,2019-09-30 00:00:00,154571.42857142858,474 days 00:00:00,326.1000602772755,1
Entertainment,2015-04-28,UC2CQx0rPH_h3IqWGCAbQzQQ,Tamil Short Cuts,513000,1403,31586.0,3.1145,2019-09-23 00:00:00,514142.8571428572,1609 days 00:00:00,319.5418627363936,1
Entertainment,2016-09-03,UC2J6VtSlxrW3aCSTQQgQ4sg,King Chris,358273,186,50950.0,3.4575,2019-09-30 01:00:00,358000.0,1122 days 01:00:00,319.0730837789661,1
Entertainment,2016-01-17,UC-o0CfpOyFJOfyWKtqS1hZQ,Cocktail Chemistry,429000,102,38197.0,3.229,2019-09-30 00:00:00,430000.0,1352 days 00:00:00,318.0473372781065,1
Entertainment,2012-07-12,UC2GwMhJ9ffCY5hR_-cIz1Bw,Bollywood Life,834000,29246,18819.0,2.897,2019-09-30 00:00:00,837285.7142857143,2636 days 00:00:00,317.6349447214394,1
Entertainment,2015-08-23,UC-xwwLWkh1Ypt90iJ7BvBew,Deepto TV,462000,3896,28399.0,3.007,2019-09-30 00:00:00,473857.1428571429,1499 days 00:00:00,316.11550557514533,1
Entertainment,2017-08-04,UC1KfzGTdekKaN5Xin0KZ6oA,Priya Videos Movie W...,246000,118,66601.0,4.0195,2019-09-30 00:00:00,247714.2857142857,787 days 00:00:00,314.7576692684698,1
Entertainment,2018-05-17,UC4Tz9B2yxQYpUVc0a3Z_q2A,SOURAV ENTERTAINMENT...,154000,114,102986.0,3.9935,2019-09-30 01:00:00,155434.52380952382,501 days 01:00:00,310.2485505180116,1
Entertainment,2017-01-18,UC39odV3CDQGNmSAMy8Q9bQA,Djay Ghost,296000,36,46819.0,3.245,2019-09-30 00:00:00,305285.71428571426,985 days 00:00:00,309.93473531544595,1
Entertainment,2018-09-23,UC4eXK4GIwxOYazU0E7gYjPw,Lokoi Entertainment,113000,79,124546.0,4.118,2019-09-30 01:00:00,114869.04761904762,372 days 01:00:00,308.7877624167947,1
Entertainment,2017-04-17,UC2JQi5S-q3UB40zzKQWAwTg,Stark Productions,273000,448,62639.0,3.8585,2019-09-30 00:00:00,274571.4285714286,896 days 00:00:00,306.44132653061223,1
Entertainment,2011-12-05,UC4LADtN8xwppFydHUB1s5uA,Cosmopolitan,868000,2426,18483.0,2.918,2019-09-30 00:00:00,873714.2857142857,2856 days 00:00:00,305.922368947579,1
Entertainment,2016-06-12,UC4JUzmhmiGmPl7uzLpzODyw,Loku,340000,126,28653.0,2.9730000000000003,2019-09-30 00:00:00,365571.4285714286,1205 days 00:00:00,303.3787788974511,1
Entertainment,2011-06-18,UC09cuppOi5VxxLyykSpdnlw,AnimalSketch,909000,92,19198.0,2.8615,2019-09-30 00:00:00,908142.8571428572,3026 days 00:00:00,300.1133037484657,1
Entertainment,2014-12-28,UC01fXAThaFAwXmN_c0tniHA,BRAAP VLOGS,516000,886,30859.0,3.0455,2019-09-30 01:00:00,518869.0476190476,1737 days 01:00:00,298.7156290265098,1
Entertainment,2018-08-03,UC09LxsuMW6nwwX0mE4s744g,World of Dance Champ...,124000,2096,112874.0,4.882499999999999,2019-09-30 00:00:00,126142.85714285714,423 days 00:00:00,298.210064167511,1
Entertainment,2017-08-10,UC1fuEZFSzXSsAJ0x96Qdy7g,Sameer Vlogs,220000,209,65384.0,3.823,2019-09-30 00:00:00,224285.7142857143,781 days 00:00:00,287.1776111212731,1
Entertainment,2014-07-04,UC3_wVERX6q4BYR6vFl19vZg,Mario Selman,542134,77,33307.0,3.201,2019-09-30 00:00:00,545714.2857142857,1914 days 00:00:00,285.1171816689058,1
Entertainment,2017-01-31,UC3SI8EF15iy3BNCRm8OfE9w,EVOLUTION TV,272000,159,60744.0,3.622,2019-09-23 00:00:00,272285.71428571426,965 days 00:00:00,282.16136195410803,1
Entertainment,2013-03-07,UC30k9IxqRYgnzTLs3UtEw9w,MASK Nerf War,655119,261,23219.0,2.995,2019-09-30 00:00:00,676428.5714285715,2398 days 00:00:00,282.0803050160849,1
Entertainment,2017-05-12,UC095AAnlep0e0YrQSNUFOwQ,Odisha Links,244877,428,68727.0,3.919,2019-09-30 00:00:00,245428.57142857145,871 days 00:00:00,281.7779235689684,1
Entertainment,2015-06-22,UC2eHvHGPv-IqFQY5bUXxtIQ,Bollywood Fabula,434000,5026,37494.0,3.2245,2019-09-30 00:00:00,435428.5714285714,1561 days 00:00:00,278.9420701015832,1
Entertainment,2015-11-04,UC3y2iA3d9Bo-RxSD3n484Jw,Akash Audio,394000,1281,35711.0,3.258,2019-09-23 00:00:00,395571.4285714286,1419 days 00:00:00,278.76774388402293,1
Entertainment,2016-02-12,UC3x62QooaEL3UZYaxGP5Qfg,Playattoys,365000,188,46373.0,3.3075,2019-09-30 00:00:00,367428.5714285714,1326 days 00:00:00,277.0954535660418,1
Entertainment,2013-10-06,UC2GOaa6R3YL-Zp6a5pWrpJw,Banana Mix,598000,136,27261.0,2.972,2019-09-30 00:00:00,603428.5714285715,2185 days 00:00:00,276.16868257600527,1
Entertainment,2015-08-13,UC0yxMP9ZiL8sNBCO7GT4GeA,Basanta Thapa,404000,36,35706.0,3.2475,2019-09-23 00:00:00,413000.0,1502 days 00:00:00,274.9667110519308,1
Entertainment,2016-05-08,UC1nJzvNaB_ql4RHrzgozrQQ,READY TO GLARE,335000,500,42486.0,3.3015,2019-09-30 00:00:00,338285.71428571426,1240 days 00:00:00,272.8110599078341,1
Entertainment,2018-05-16,UC2HGvsTvO7AN0aFs92KV6yg,PopStickleZ,132000,63,126174.0,3.9325,2019-09-30 01:00:00,135601.19047619047,502 days 01:00:00,270.1218933788655,1
Entertainment,2013-07-01,UC-btPIh4KalPw3hZxcB4zww,The Theorizer,603824,366,27758.0,2.982,2019-09-30 00:00:00,613428.5714285715,2282 days 00:00:00,268.8118192062101,1
Entertainment,2019-02-18,UC2sd3xWMHYM7ScvJdMEQj6Q,h o n e y b e e,59100,13,235938.0,4.4215,2019-09-30 00:00:00,59871.42857142857,224 days 00:00:00,267.28316326530614,1
Entertainment,2010-01-17,UC0HFNReGRNK7qEcvnD8sWRQ,Life with Kehaulani,25600,252,493816.0,7.683499999999999,2019-09-30 00:00:00,25600.0,3543 days 00:00:00,7.225515100197573,0
Entertainment,2013-02-17,UC0729mnOsg6ByrshGzSo9LQ,Symphony Taylor,17367,263,607457.0,8.237,2019-09-23 00:00:00,17400.0,2409 days 00:00:00,7.22291407222914,0
Entertainment,2007-08-01,UC-TMF5lfLaTbuT3U9VKul7w,Montu's GoPro,31500,208,394314.0,7.1160000000000005,2019-09-30 01:00:00,31988.09523809524,4443 days 01:00:00,7.199661318499942,0
Entertainment,2014-05-26,UC2w5Al0wdkgbSwfvP1DEiUA,DJ Risas,14000,177,780069.0,10.0805,2019-09-30 00:00:00,14000.0,1953 days 00:00:00,7.168458781362007,0
Entertainment,2011-04-16,UC-WDwPc96w6BLtiEo-_oddA,maudlin may,22100,42,518146.0,9.423,2019-09-30 00:00:00,22100.0,3089 days 00:00:00,7.154418905794755,0
Entertainment,2013-07-29,UC-6olyB1ur_uN9MIIgxWG4Q,Jedi,16100,87,702610.0,9.1955,2019-09-30 01:00:00,16100.0,2254 days 01:00:00,7.142857142857143,0
Entertainment,2015-06-16,UC1UBdAuCo-B01W6W0IFBdGA,Iron Maiden: Legacy ...,11110,226,845597.0,13.938999999999998,2019-09-30 00:00:00,11185.714285714286,1567 days 00:00:00,7.138298842191631,0
Entertainment,2006-10-27,UC1pFO7PUNjrgcUcrMF4p1zg,BirdShot IV,33600,1006,372306.0,7.5365,2019-09-23 00:00:00,33600.0,4714 days 00:00:00,7.127704709376326,0
Entertainment,2014-10-21,UC2rFgarBSLbtS5kvbSMnMkw,Kirax,12700,26,782245.0,9.4775,2019-09-30 00:00:00,12800.0,1805 days 00:00:00,7.091412742382271,0
Entertainment,2009-08-24,UC2S70dxCirC1ERziPa8S79Q,SassyVA,26099,25,457529.0,8.255,2019-09-23 01:00:00,26101.78571428572,3682 days 01:00:00,7.089023822456741,0
Entertainment,2011-09-18,UC2gdD1Ybk9xs_FZ4EhQgHaQ,Dozer CT,20653,95,577119.0,9.0465,2019-09-23 01:00:00,20700.0,2927 days 01:00:00,7.072087461564742,0
Entertainment,2009-03-18,UC-rkP-Vkk6inXXzOiW2g4fQ,SodaStream,27100,227,454870.0,8.077,2019-09-30 00:00:00,27100.0,3848 days 00:00:00,7.042619542619542,0
Entertainment,2014-02-08,UC08TyICcKpWVbLV2UYUjK9A,Skylar Phillips,14458,41,677617.0,10.268,2019-09-30 00:00:00,14500.0,2060 days 00:00:00,7.038834951456311,0
Entertainment,2015-01-28,UC0mJOp0QAfFNk0DXEVl_O1w,Denisa Krasniqi,12019,32,845690.0,14.0,2019-09-30 00:00:00,12000.0,1706 days 00:00:00,7.033997655334115,0
Entertainment,2011-09-06,UC0aCRHZm9xOCvFoxWAmgS2w,Blunt Force Truth,20600,1686,576078.0,9.0695,2019-09-30 01:00:00,20643.45238095238,2946 days 01:00:00,7.007281867261501,0
Entertainment,2012-04-30,UC4S-3MnHRpfOe1xlwT_IMug,Aayush Sharma,18900,635,563415.0,10.115,2019-09-23 01:00:00,18900.0,2702 days 01:00:00,6.994818652849741,0
Entertainment,2014-08-26,UC1iWTnLV6cbyxpVF_stFGJA,Destiny Ja’Nay,12900,125,770435.0,12.0595,2019-09-30 00:00:00,12900.0,1861 days 00:00:00,6.93175711982805,0
Entertainment,2011-09-17,UC1u4YHp-tfSIoHajNejX7lg,Brandon Hargus Sub C...,20200,308,584419.0,9.0045,2019-09-30 00:00:00,20300.0,2935 days 00:00:00,6.916524701873935,0
Entertainment,2014-04-29,UC4WzZ1afM09Z0-55dJBv6vg,Asmr for Clods,13600,47,735454.0,10.3045,2019-09-30 00:00:00,13671.428571428569,1980 days 00:00:00,6.904761904761903,0
Entertainment,2014-08-18,UC0WtMD9CYYDiFaVnJx5nzpw,Alfa,12893,174,771572.0,11.202,2019-09-30 00:00:00,12900.0,1869 days 00:00:00,6.902086677367576,0
Entertainment,2014-12-27,UC2AM7L5__X9rF9MoGwxrZSA,Tay-tor tot,11977,70,848075.0,14.921,2019-09-30 00:00:00,11971.428571428569,1738 days 00:00:00,6.888048660200558,0
Entertainment,2012-03-28,UC0l5xe4B40Addtp6fKVPvoA,TheSupineSmokey13,17836,151,649479.0,9.8465,2019-04-22 00:00:00,17751.428571428572,2581 days 00:00:00,6.877732883157138,0
Entertainment,2012-11-24,UC-XWSBAyLi2tkcxkeUYJLXw,Ethan,17100,24,649450.0,9.8785,2019-09-23 00:00:00,17128.571428571428,2494 days 00:00:00,6.86791155917058,0
Entertainment,2014-08-16,UC13QSroIovhc9xEtfjPyVvw,A Thousand Books To ...,12800,348,832037.0,13.2335,2019-09-23 00:00:00,12800.0,1864 days 00:00:00,6.866952789699571,0
Entertainment,2009-07-20,UC-g5QOB0rmL3ZZQToU4aAAQ,StevieElizabeth475,24893,42,456359.0,7.944,2019-09-30 01:00:00,25273.214285714286,3724 days 01:00:00,6.786577412920056,0
Entertainment,2013-05-15,UC0IUiNSm7ph86EsgvgqsrBw,Hope Marie,15800,147,702446.0,9.1675,2019-09-30 00:00:00,15800.0,2329 days 00:00:00,6.784027479604981,0
Entertainment,2012-04-20,UC0ZfO4Ng0LXT3RFY0iFyoDg,As Sunnah Trust Sri ...,18200,653,600408.0,11.5155,2019-09-30 01:00:00,18372.02380952381,2719 days 01:00:00,6.756904674337554,0
Entertainment,2012-06-04,UC1UKu7yUc6PXb0uBoqI1PWw,RedXWing1,17936,329,566778.0,8.4105,2019-09-23 01:00:00,18000.0,2667 days 01:00:00,6.749156355455568,0
Entertainment,2015-05-08,UC2Iqu_5gh9QkMe3p3hzmVfQ,Mike Rhine,10800,318,939480.0,32.58,2019-09-30 00:00:00,10800.0,1606 days 00:00:00,6.724782067247821,0
Entertainment,2014-04-17,UC1flxbq-nkJTtg5mwDhmuoQ,xXMarian VencesXx,13300,199,780785.0,9.9555,2019-09-23 00:00:00,13300.0,1985 days 00:00:00,6.700251889168766,0
Entertainment,2015-04-25,UC10RRSGn7t7iqqMEty4nSkg,Ryzen D.,10693,373,881535.0,13.076,2019-09-23 01:00:00,10800.0,1612 days 01:00:00,6.699751861042183,0
Entertainment,2015-04-05,UC3SEuB0y0dYpfXbSrlSWsEQ,Jace,10821,134,825697.0,11.5075,2019-09-30 00:00:00,10957.142857142857,1639 days 00:00:00,6.685261047677155,0
Entertainment,2006-06-15,UC0nhLUZMsfE2AOhtHCJEaug,whoscrazy,32300,336,374803.0,7.412999999999999,2019-09-30 00:00:00,32385.714285714286,4855 days 00:00:00,6.6705899661615415,0
Entertainment,2013-06-28,UC4UIYJCVx1WVn4O5Cb0pLMA,Officialcammm,14600,201,627237.0,10.855,2019-09-30 00:00:00,15228.571428571431,2285 days 00:00:00,6.664582682088153,0
Entertainment,2011-02-18,UC3AJsZlfCUUc4hzeqL6islA,wwjoshdew's 2nd Chan...,20800,226,575650.0,9.029,2019-09-23 00:00:00,20800.0,3139 days 00:00:00,6.626314112774769,0
Entertainment,2015-04-26,UC27Yo_rvSMz1hh31cm1UlLQ,Oakley Orchard,10700,116,915207.0,15.8405,2019-09-30 01:00:00,10700.0,1618 days 01:00:00,6.61310259579728,0
Entertainment,2010-09-02,UC2JsXLuVHK0FmbmNiEHaMoA,Tirthok Ahsan,21422,225,451760.0,7.3295,2019-09-30 00:00:00,21914.28571428572,3315 days 00:00:00,6.610644257703083,0
Entertainment,2015-04-01,UC3hEQaZLqF8sCg_EOt_w7YQ,RodStormTV,10800,92,805313.0,11.8685,2019-09-30 00:00:00,10857.142857142857,1643 days 00:00:00,6.608121032953656,0
Entertainment,2012-10-19,UC-rNZfapro32BX3PwY3zfoQ,Mukti Rahman,16700,108,643609.0,8.959999999999997,2019-09-23 00:00:00,16714.285714285714,2530 days 00:00:00,6.60643704121965,0
Entertainment,2014-07-04,UC3vvnWTwQyxphkupyDAPWFg,Joshua-Wayne,12600,239,772423.0,11.071,2019-09-30 00:00:00,12642.857142857143,1914 days 00:00:00,6.605463502015226,0
Entertainment,2012-06-21,UC3kjI-_LeJnKH7pJtBk0-IA,Michael BookLion,17500,178,662211.0,9.8265,2019-09-23 00:00:00,17500.0,2650 days 00:00:00,6.60377358490566,0
Entertainment,2007-01-23,UC1qH90EY-VZQYj8B2Jp18AA,Harsh Dave,30500,123,416276.0,8.1165,2019-09-30 00:00:00,30557.142857142862,4633 days 00:00:00,6.59554130307422,0
Entertainment,2013-07-15,UC4gWDXs5IepDOvxxEgPFdBg,Olight World,14500,125,688631.0,9.662,2019-09-30 00:00:00,14857.142857142857,2268 days 00:00:00,6.55076845553036,0
Entertainment,2015-02-08,UC2kz8okargLDXEH5RZMIRvw,Creative Newborns,11100,833,856819.0,14.8245,2019-09-30 00:00:00,11100.0,1695 days 00:00:00,6.548672566371682,0
Entertainment,2014-11-27,UC-TqwOcmcsq8lB7Fnnh_62Q,Lost Art Magic,11561,82,873545.0,12.1095,2019-09-30 00:00:00,11557.142857142857,1768 days 00:00:00,6.536845507433743,0
Entertainment,2009-10-04,UC3RiLWyCkZnZs-190h_ovyA,Robert Petrinčič,23400,634,467708.0,8.051,2019-09-30 00:00:00,23685.714285714286,3648 days 00:00:00,6.492794486215539,0
Entertainment,2014-12-25,UC27JFIKgT6v46Ritmu_B1aw,Hero Fox,11148,101,927890.0,23.785,2019-09-02 00:00:00,11081.909090909092,1712 days 00:00:00,6.4730777400169925,0
Entertainment,2012-09-21,UC-tPRZOAKkaUL0X2fEyrp9A,Kpopmap,16600,906,678577.0,10.9165,2019-09-30 00:00:00,16600.0,2565 days 00:00:00,6.4717348927875245,0
Entertainment,2015-04-13,UC3Fe7KwYLIz0p6VaWQTcAtw,Random Age,10500,170,885146.0,11.8575,2019-09-30 00:00:00,10500.0,1631 days 00:00:00,6.437768240343348,0
Entertainment,2015-05-27,UC4TUF1iBs8CyHyWtyXXO59A,CJ Vs. Manga,10200,75,951266.0,53.1435,2019-09-30 01:00:00,10200.0,1587 days 01:00:00,6.427221172022684,0
Entertainment,2007-07-22,UC0f9eqCKyfXBoqvSKg0l0hA,Sam Geppi - Vedic As...,28100,1016,435895.0,9.0805,2019-09-30 00:00:00,28285.714285714286,4453 days 00:00:00,6.352058002630651,0
Entertainment,2011-02-27,UC0oqgxf8zVpITFBnHEk9YQw,Kuch Khaas,19908,171,548655.0,9.6315,2019-09-30 01:00:00,19900.0,3137 days 01:00:00,6.3436404207841885,0
Entertainment,2006-07-08,UC3RWk6fq4p8-mt1WtELq5Kw,TabloidJunk,30400,24,418846.0,6.0275,2019-09-23 00:00:00,30400.0,4825 days 00:00:00,6.300518134715026,0
Entertainment,2010-01-24,UC2J6b4Kowj4ZwZJ7DDESrWA,alexeydrummer,22200,142,540129.0,8.471499999999999,2019-09-30 01:00:00,22200.0,3536 days 01:00:00,6.278280542986425,0
Entertainment,2012-04-29,UC4Q4MQFnFmleeVXr69IK11w,bigteedo111,17000,398,664511.0,8.9275,2019-09-30 00:00:00,17000.0,2710 days 00:00:00,6.273062730627307,0
Entertainment,2013-11-10,UC1rVevSxDyA_H307HxX6rhg,mel mel,12900,24,709609.0,11.271,2019-09-30 01:00:00,13457.738095238095,2150 days 01:00:00,6.259413067552603,0
Entertainment,2008-09-29,UC1d2BSVDLEQkvvWsDC2fOpQ,MaxVonDraken,25000,277,460281.0,8.655999999999999,2019-09-30 01:00:00,25143.45238095238,4018 days 01:00:00,6.2577034298039775,0
Entertainment,2015-02-09,UC2Zagcpd_y-3qpsUjl8O24g,Princess Riri Style,10600,199,961499.0,53.1435,2019-09-30 00:00:00,10600.0,1694 days 00:00:00,6.257378984651712,0
Entertainment,2013-12-26,UC1qIUJhR6UGrOGWIpp_EikQ,Octda Productions,13200,99,830417.0,12.629,2019-09-30 00:00:00,13142.857142857143,2104 days 00:00:00,6.246605105920695,0
Entertainment,2014-07-30,UC4bKHbrzUtRGHnmFfYRaOXA,Steady Spin,11400,73,689540.0,9.917,2019-09-30 01:00:00,11772.619047619048,1888 days 01:00:00,6.235497376916869,0
Entertainment,2012-10-12,UC-BHEa1dCT2BU3l5xYNNYRA,Ferocity Dance Compa...,15800,944,699403.0,9.132,2019-09-23 01:00:00,15800.0,2537 days 01:00:00,6.227828143476547,0
Entertainment,2014-02-09,UC4-6KGFjpSr0LJhbqZTeGew,James Whiting,12100,243,801367.0,11.6125,2019-09-30 01:00:00,12816.071428571431,2059 days 01:00:00,6.224415458266844,0
Entertainment,2012-09-23,UC4dtICQx7xXCgqVVs4_cecg,Xander Mobus,15900,11,681863.0,8.8,2019-09-23 01:00:00,15900.0,2556 days 01:00:00,6.220657276995305,0
Entertainment,2011-01-28,UC4ZLvAb4o3TI3o4bqZt09-A,Dreamsofbabys,19700,165,552314.0,9.753,2019-09-30 01:00:00,19700.0,3167 days 01:00:00,6.220397852857594,0
Entertainment,2013-05-31,UC-gKBhfhCsYs7SuGDv7LA-w,Danny Kingston,14346,132,765927.0,12.390999999999998,2019-09-30 00:00:00,14300.0,2313 days 00:00:00,6.182447038478167,0
Entertainment,2013-08-29,UC3glP0GBSW7nmAOOwehVQ_w,GIFs TV,13800,38,805297.0,11.862,2019-09-23 00:00:00,13700.0,2216 days 00:00:00,6.182310469314079,0
Entertainment,2011-03-01,UC2acUanTmm8SNPS9q9sX11w,DIYTECK,19200,1384,578289.0,8.2455,2019-09-30 00:00:00,19342.85714285714,3135 days 00:00:00,6.169970380496696,0
Entertainment,2009-01-20,UC4ODiXgBehmS3i_Lu_GUt2A,X-MISMA-X,23940,87,494984.0,7.6545,2019-09-30 01:00:00,24057.73809523809,3905 days 01:00:00,6.160752393146758,0
Entertainment,2012-04-05,UC03Bw1R4EB03RQQqdokpabA,Babydoll Peach,16700,465,627157.0,10.8195,2019-09-23 00:00:00,16800.0,2727 days 00:00:00,6.16061606160616,0
Entertainment,2013-08-09,UC4_2Xu9lWgLPayH_m8kHwaA,JINXYFIED,13813,39,766564.0,12.858,2019-09-30 01:00:00,13800.0,2243 days 01:00:00,6.152474364690147,0
Entertainment,2014-04-03,UC3gCzE7gbHUPTTwZsAXQhsQ,Ghost AMVs,11600,25,640326.0,9.5875,2019-09-30 00:00:00,12314.285714285714,2006 days 00:00:00,6.1387266771115225,0
Entertainment,2014-09-30,UC0ojp4v6YtPkdUyC6-1rn_w,Olivia Mayo,11200,133,925729.0,16.426000000000002,2019-09-30 00:00:00,11200.0,1826 days 00:00:00,6.133625410733845,0
Entertainment,2012-10-11,UC1lqON5t8j7E1S5pwJ4sm9w,Geeked Out Nation,15500,548,649766.0,9.7235,2019-09-30 00:00:00,15557.142857142857,2545 days 00:00:00,6.112826269997194,0
Entertainment,2013-11-20,UC3o7rL9CcgAXXq34zaf2pqQ,Sword and Scale,13000,55,755130.0,11.723,2019-09-30 00:00:00,13071.428571428569,2140 days 00:00:00,6.108144192256341,0
Entertainment,2014-04-10,UC01zDuTvJpB5fMoHugctIRQ,Estevan,12200,153,847259.0,14.540500000000002,2019-09-30 00:00:00,12200.0,1999 days 00:00:00,6.103051525762881,0
Entertainment,2005-12-28,UC2ZbJGLtu95d4VrhOYVCwRQ,Calvin Michaels,30500,369,395369.0,7.1775,2019-09-30 00:00:00,30642.85714285713,5024 days 00:00:00,6.099294813466786,0
Entertainment,2011-07-25,UC-funXiCu1QWsFeIyIbSZDQ,komquod,18200,108,641639.0,9.6045,2019-09-30 00:00:00,18200.0,2989 days 00:00:00,6.088992974238876,0
Entertainment,2013-06-27,UC-B3OE3d4x_TdHXkTqoIR-A,TheoFreakinDore,13800,244,763295.0,11.123,2019-09-23 00:00:00,13800.0,2279 days 00:00:00,6.055287406757349,0
Entertainment,2014-11-07,UC4kp_4oGzG3nY0MiPvKw5oA,The Face Turn,10828,59,927994.0,23.7405,2019-09-30 00:00:00,10800.0,1788 days 00:00:00,6.040268456375839,0
Entertainment,2013-07-19,UC-K-ll38SyMpYS_5WE-z1GQ,Parkjimminie,13537,52,730104.0,11.7055,2019-09-30 01:00:00,13643.452380952383,2264 days 01:00:00,6.026259885579675,0
Entertainment,2009-07-28,UC27DprEoGCkaulBSRmNEp4w,PDK Namibia Patrick ...,20560,160,492512.0,9.631,2019-09-30 00:00:00,22242.85714285713,3716 days 00:00:00,5.9856989081962135,0
Entertainment,2012-10-30,UC-zP_GRbyiC_yrZUOCHiT5A,Life With Eilene,15100,39,735720.0,10.026,2019-09-30 01:00:00,15100.0,2526 days 01:00:00,5.977830562153603,0
Entertainment,2011-04-01,UC2ryXVOXvyyz6HhfUIOfYHA,MyZelda9,18500,335,609919.0,9.065,2019-09-23 00:00:00,18500.0,3097 days 00:00:00,5.973522763965128,0
Entertainment,2013-07-15,UC1FPa0jOZZj9Uwi6zUyUo6w,Garren Lazar,13500,160,438733.0,7.9605000000000015,2019-09-23 00:00:00,13500.0,2261 days 00:00:00,5.970809376382132,0
Entertainment,2007-10-05,UC49SOFcNiImYi1K4W300rZA,Lee the hairdresser,25900,23,449635.0,7.285500000000001,2019-09-30 00:00:00,26071.42857142857,4378 days 00:00:00,5.955100176205703,0
Entertainment,2006-05-23,UC-m8tRBqsRAC33t3g6SVQug,"2, The Ranting Gryph...",29000,1194,443705.0,7.4665,2019-09-30 00:00:00,29000.0,4878 days 00:00:00,5.945059450594506,0
Entertainment,2014-12-07,UC1WfVpVwA8LWNhXdHjJzGfQ,GamingSoundEffects,10200,313,845575.0,13.941,2019-09-30 00:00:00,10442.857142857143,1758 days 00:00:00,5.940191776369251,0
Entertainment,2010-10-15,UC4Xo6Lx4CSaBcdJ5KrEojMQ,Eppat Tugs,19200,37,571871.0,8.7645,2019-09-30 01:00:00,19357.73809523809,3272 days 01:00:00,5.91617912446152,0
Entertainment,2015-02-11,UC3gjt-Kt_BhJcBoyuH5R8fg,Healing Motherhood,10000,31,906003.0,14.6745,2019-09-30 00:00:00,10000.0,1692 days 00:00:00,5.91016548463357,0
Entertainment,2013-09-04,UC2u23aUVMl1tTfCcBadbksQ,russianballetvideos2...,13000,249,766659.0,12.9165,2019-09-23 00:00:00,13000.0,2210 days 00:00:00,5.882352941176471,0
Entertainment,2014-02-27,UC2tgUUjVHyCm2P24BynCxXQ,Hippie kid,11962,140,825800.0,11.501,2019-09-30 01:00:00,12000.0,2041 days 01:00:00,5.879470847623714,0
Entertainment,2010-12-28,UC-Q4yibOcPn-60tUuk2dFyQ,Snowalker13,18800,302,603485.0,10.0605,2019-09-30 00:00:00,18800.0,3198 days 00:00:00,5.8786741713570985,0
Entertainment,2012-04-18,UC2k6tCX-W5Ts4ormuZGxw4g,Keepin’ up wit da ...,15900,807,692410.0,9.849,2019-09-30 00:00:00,15900.0,2721 days 00:00:00,5.843439911797134,0
Entertainment,2012-08-24,UC47OxwmppY5dNrM2d3P9HNw,Gumball Watterson,15100,136,736424.0,9.7945,2019-09-23 00:00:00,15100.0,2586 days 00:00:00,5.839133797370456,0
Entertainment,2012-08-10,UC3-gzaul9wb03NSLKiXnSqQ,Greet the queer,15200,12,669452.0,9.241,2019-09-30 01:00:00,15200.0,2607 days 01:00:00,5.830456463367856,0
Entertainment,2014-09-28,UC-p0spaVdbhBSLc2ajYQEoA,QTube,10600,108,932115.0,23.515,2019-09-23 00:00:00,10600.0,1821 days 00:00:00,5.820977484898408,0
Entertainment,2009-12-01,UC1UFt1V39n5jgxhVxE3WL0g,InnocentlyCreating,20700,1036,516928.0,9.525,2019-09-30 01:00:00,20857.73809523809,3590 days 01:00:00,5.809954901180527,0
Entertainment,2014-07-23,UC3Q4Mt46-Fbt7C1Pm2C5MPw,Flashlight,11000,514,921804.0,18.7205,2019-09-30 01:00:00,11000.0,1895 days 01:00:00,5.804749340369393,0
Entertainment,2012-03-15,UC1TRXhzgffReeSF9SYdFucw,GOTHIC WORLDWIDE,15984,270,696567.0,9.608,2019-09-30 00:00:00,15985.714285714286,2755 days 00:00:00,5.802437127301011,0
Entertainment,2007-10-14,UC-09JbCrEcB8UdiLcgx0TuQ,AdamCWM,25300,151,471078.0,7.893000000000002,2019-09-30 00:00:00,25342.85714285713,4369 days 00:00:00,5.800608181015594,0
Entertainment,2013-02-18,UC-1onbNXd_l9jbbld21EOGw,lifexsoul,13733,405,713243.0,12.7655,2019-09-30 00:00:00,13857.142857142857,2415 days 00:00:00,5.737947352854185,0
Entertainment,2014-06-24,UC1LeOldgj8HOmLurZ4ZavKA,IdiotUKDriversExpose...,11064,265,843284.0,12.887,2019-09-30 00:00:00,11000.0,1924 days 00:00:00,5.717255717255718,0
Entertainment,2009-09-24,UC-Ge26XbK2OxBuWFnQ3Heng,DaysideTV,20900,176,502126.0,6.188,2019-09-30 00:00:00,20900.0,3658 days 00:00:00,5.713504647348278,0
Entertainment,2012-02-15,UC1i-IJfleeTwTnB2oVb9B8g,Ellis Records,15300,49,629590.0,10.709,2019-09-30 00:00:00,15842.857142857143,2784 days 00:00:00,5.69068144499179,0
Entertainment,2009-02-21,UC-rTo2IkqNQak1MnhenWtPA,Jaywings,21900,52,540859.0,8.554,2019-09-23 01:00:00,21900.59523809524,3866 days 01:00:00,5.6649237553272735,0
Entertainment,2014-10-06,UC4QTcmQfc2hv70NhldTJuJg,Trevor Masterson,10157,108,918155.0,18.1205,2019-09-30 01:00:00,10257.738095238095,1820 days 01:00:00,5.636119832548404,0
Entertainment,2013-03-18,UC1tAza6iL3yB0QXRoGl49KQ,Vat19Nvjds,13400,135,809590.0,10.7585,2019-09-30 00:00:00,13400.0,2387 days 00:00:00,5.613741097612065,0
Entertainment,2013-07-05,UC2UyjXkQUeg_Tcm4mPIyb6A,Jules,12700,186,834595.0,12.2945,2019-09-23 01:00:00,12700.0,2271 days 01:00:00,5.592250110083664,0
Entertainment,2012-01-26,UC1JBMjaa8NRxGQcUvvTlxTg,MUKUND SHARMA,15400,40,667456.0,9.184,2019-09-30 00:00:00,15671.428571428569,2804 days 00:00:00,5.588954554717749,0
Entertainment,2010-05-09,UC3L-ISEoCU19l9KC04HydNw,TheSerialLove,19100,514,584524.0,9.7155,2019-09-23 00:00:00,19100.0,3424 days 00:00:00,5.578271028037383,0
Entertainment,2009-03-31,UC1cHkXc8lEsDGREkN9n_bQg,gerry6420,21200,381,512347.0,9.15,2019-09-30 01:00:00,21386.309523809523,3835 days 01:00:00,5.576612652883839,0
Entertainment,2006-02-25,UC3DX5oJ-dSFQibf10uNKRxw,Kitkatzplace,26400,334,493846.0,7.675999999999998,2019-06-03 00:00:00,27023.0,4846 days 00:00:00,5.576351630210483,0
Entertainment,2013-01-10,UC1bNr_0kLSdo7XkMAl3OTug,Ezra Carnahan,13400,170,733696.0,10.415500000000002,2019-09-30 00:00:00,13671.428571428569,2454 days 00:00:00,5.571079287460704,0
Entertainment,2008-05-17,UC-Efmx-rQyq4qettHkUOQFw,Thomas Tha Franchise...,23100,241,504557.0,6.042000000000002,2019-09-30 01:00:00,23100.0,4153 days 01:00:00,5.56224416084758,0
Entertainment,2012-06-22,UC-ZYKJJT33xdbvkYJslYtfA,RebornMyLove,14700,70,734330.0,10.385,2019-09-23 01:00:00,14714.880952380952,2649 days 01:00:00,5.554881446727427,0
Entertainment,2008-02-10,UC4qiUT1l4HSFX0_eWNhmrAw,RedScreen,23500,24,502146.0,6.166499999999999,2019-09-30 00:00:00,23600.0,4250 days 00:00:00,5.552941176470588,0
Entertainment,2012-05-23,UC-D14AaaiZ8zkdC1EM_hLsQ,Suzanne Delawar,14800,47,690139.0,10.1155,2019-09-30 00:00:00,14800.0,2686 days 00:00:00,5.5100521221146685,0
Entertainment,2006-07-18,UC2etT_bS3_x3_H0855xKMfw,ZigZagTV,26499,236,444943.0,7.3435000000000015,2019-09-23 01:00:00,26529.761904761905,4815 days 01:00:00,5.509815556544528,0
Entertainment,2011-06-04,UC3_MIuBDU_oidgaFZdv8jHA,Mindd Kidzag,16700,162,642654.0,9.6435,2019-09-23 00:00:00,16700.0,3033 days 00:00:00,5.506099571381471,0
Entertainment,2013-01-13,UC434Z_j1qehn1hNkKn25zOQ,LVMedia,13400,153,640785.0,9.4855,2019-09-23 00:00:00,13400.0,2444 days 00:00:00,5.482815057283142,0
Entertainment,2013-06-04,UC2XObgToXWepzy_ENCSGNkQ,Karbonshark,12486,62,765806.0,12.345999999999998,2019-09-30 01:00:00,12572.02380952381,2309 days 01:00:00,5.44479160221906,0
Entertainment,2010-09-27,UC19Zu30XSd5yfK47cwTGo2g,DogeManiac,17800,98,603912.0,9.7825,2019-09-23 00:00:00,17800.0,3283 days 00:00:00,5.421870240633567,0
Entertainment,2014-04-14,UC2mZp15e_nzuvzNeQMoVoTQ,Trash Co,10700,85,860973.0,14.196,2019-09-30 01:00:00,10786.309523809525,1995 days 01:00:00,5.406671440506027,0
Entertainment,2013-02-07,UC1mi3vFdLlGKj1TR5ok5apA,Dumpster Marcus,13100,507,757654.0,12.055,2019-09-30 00:00:00,13100.0,2426 days 00:00:00,5.399835119538334,0
Entertainment,2014-06-22,UC04BbQij3IExRqkEpec3zow,Shamima Tusty,10400,176,755580.0,11.7005,2019-09-30 01:00:00,10400.0,1926 days 01:00:00,5.399792315680166,0
Entertainment,2006-04-14,UC-Q3IofPhP5r5inQCwD8kWA,Brent's Lucky Slot C...,26300,478,471154.0,7.7375,2019-09-30 00:00:00,26342.85714285713,4917 days 00:00:00,5.357506028646966,0
Entertainment,2011-08-03,UC-H0jzDm89xI_8fQ-Tv2VTw,CJ ENTERTAINMENT,15900,285,659983.0,7.9860000000000015,2019-09-30 01:00:00,15957.738095238095,2980 days 01:00:00,5.354945669542985,0
Entertainment,2012-05-08,UC0KtUnvktsBWqTQPYUwjDTQ,David Benjamin - Hea...,14400,363,742384.0,10.075,2019-09-23 00:00:00,14400.0,2694 days 00:00:00,5.34521158129176,0
Entertainment,2012-07-26,UC-ZTEh5o-NvR9MGCL96Jh8Q,Julian nur,13666,30,581514.0,4.99,2019-09-30 00:00:00,13985.714285714286,2622 days 00:00:00,5.333987141767462,0
Entertainment,2007-04-16,UC0nHdK9l1DMMrxT3KZDLHgA,GolemasterCZ,23800,601,473594.0,8.7965,2019-09-30 01:00:00,24172.61904761905,4550 days 01:00:00,5.312663526949241,0
Entertainment,2011-04-17,UC0GBdaIRGKsroN8AreImakg,salsamalsa,16320,2415,661116.0,9.5955,2019-09-30 01:00:00,16400.0,3088 days 01:00:00,5.310880829015544,0
Entertainment,2012-11-18,UC3LLYYAQFZaqEDKpYE3TXHg,MicrowaveMeShow,13300,819,788600.0,9.867,2019-09-30 01:00:00,13300.0,2507 days 01:00:00,5.305145592341444,0
Entertainment,2013-06-01,UC2TRZQE-7fD8-OQUm8JayUQ,The Undisputed Penit...,12200,22,787711.0,9.6245,2019-09-23 01:00:00,12200.0,2305 days 01:00:00,5.292841648590022,0
Entertainment,2011-08-07,UC1tofYeuNeach6ULk9f29sg,Super Menace,15800,125,700978.0,9.7485,2019-09-30 00:00:00,15714.285714285714,2976 days 00:00:00,5.280337941628264,0
Entertainment,2011-11-09,UC0nmpL1mx_5Ld2v-1QgqLDA,Bijal's Creations,15125,50,704300.0,10.4575,2019-09-30 00:00:00,15200.0,2882 days 00:00:00,5.27411519777932,0
Entertainment,2012-08-31,UC0iLX_NTqLQQruzUiswlwHQ,ShadowRay22,13600,185,774367.0,10.873,2019-09-23 00:00:00,13600.0,2579 days 00:00:00,5.273361768127181,0
Entertainment,2012-09-23,UC1-KAsomcfzNqNVBbUgrnog,CicadaSkies,13500,55,793611.0,10.3785,2019-09-30 01:00:00,13500.0,2563 days 01:00:00,5.267264923917285,0
Entertainment,2007-09-19,UC4Jp1I9lAbsD70zuoBuDLrw,biclexual,23000,108,528123.0,10.995,2019-09-30 00:00:00,23000.0,4394 days 00:00:00,5.234410559854346,0
Entertainment,2011-06-07,UC3-uMCf5mvCTq5n_TlGGwwQ,LIVE 2 HUNT with Cod...,15300,66,600568.0,11.5475,2019-09-30 00:00:00,15728.571428571431,3037 days 00:00:00,5.178983018956678,0
Entertainment,2012-05-26,UC2v4hUlhY3kAgq7HHk3Waqw,Wish4Fish,13800,151,745228.0,10.425999999999998,2019-09-30 01:00:00,13857.738095238095,2683 days 01:00:00,5.1650160623325,0
Entertainment,2011-04-22,UC2rlRXYnVNBeP7FgLam4Sxg,Mr Bear,14566,12,630803.0,9.928,2019-09-30 00:00:00,15914.285714285714,3083 days 00:00:00,5.161948009823456,0
Entertainment,2010-09-19,UC3542IxFasAB4zLN2fUzyFg,AMADI THE RULER,17000,54,584123.0,7.855,2019-09-30 00:00:00,17000.0,3298 days 00:00:00,5.154639175257732,0
Entertainment,2007-05-06,UC-x-RpgGAmmrHJqCh6G41xA,Amazon Fire TV,22800,90,511512.0,8.7515,2019-07-29 00:00:00,22930.375,4467 days 00:00:00,5.133282963957914,0
Entertainment,2013-11-12,UC2MvL0g0qdssmLQSNDd4dGg,AquaStrike,11055,842,912547.0,15.6135,2019-09-30 00:00:00,11000.0,2148 days 00:00:00,5.121042830540037,0
Entertainment,2013-01-23,UC4coujTbgQinndeb2Vrxkug,Ben Aveyard,12382,171,811199.0,10.454,2019-09-30 00:00:00,12457.142857142857,2441 days 00:00:00,5.1032949025575,0
Entertainment,2013-06-17,UC3Yz3rPZx6ikc4VVaGvDzzA,baysdays,11727,79,895978.0,16.08,2019-09-30 01:00:00,11700.0,2296 days 01:00:00,5.09581881533101,0
Entertainment,2011-06-09,UC3cHCql5QSadmBBLTq4Nvhg,Wendy Vapes,15309,692,664812.0,9.092,2019-09-30 01:00:00,15457.738095238095,3035 days 01:00:00,5.093159174707775,0
Entertainment,2013-03-18,UC1SzlwfeQ_4-9LuV_00Efuw,Steve McRae,12000,870,813646.0,11.5925,2019-09-30 00:00:00,12157.142857142857,2387 days 00:00:00,5.09306361840924,0
Entertainment,2011-10-05,UC45mYYA2wlGtaca6pfhdnHw,MartinsVidsDotNet,14800,283,690181.0,10.2005,2019-09-23 01:00:00,14800.0,2910 days 01:00:00,5.085910652920962,0
Entertainment,2014-05-02,UC-AKZXBB30O4ZM5zVLGUPCg,ArabianRider,10000,212,977030.0,53.1435,2019-09-23 00:00:00,10000.0,1970 days 00:00:00,5.076142131979696,0
Entertainment,2013-01-24,UC-dkSxfiFWeS2zacb1jTQkg,Life of Turk,12300,77,645249.0,9.161,2019-09-30 00:00:00,12385.714285714286,2440 days 00:00:00,5.076112412177986,0
Entertainment,2006-03-05,UC1STmr2YZ0b68IolqeJzeYA,Sam Northwood,24792,158,503570.0,5.784,2019-09-23 00:00:00,24800.0,4950 days 00:00:00,5.01010101010101,0
Entertainment,2010-11-30,UC-xRkY_xTVAy0kwjlX8s_Xw,Cody Lefever (GZCL),16100,472,646070.0,9.3215,2019-09-23 00:00:00,16100.0,3219 days 00:00:00,5.001553277415346,0
Entertainment,2012-09-03,UC1DUQg2nq8mYUxEb5QDoD1Q,B-doe - ThatsHowitBd...,12800,126,813138.0,11.3815,2019-09-23 00:00:00,12800.0,2576 days 00:00:00,4.968944099378882,0
Entertainment,2009-12-28,UC-MtmLd4PbmNuRaasDgBFBA,ASMR Shortbread,17400,79,485334.0,10.067,2019-09-30 00:00:00,17685.714285714286,3563 days 00:00:00,4.963714365903533,0
Entertainment,2009-12-20,UC3f9RerEu6bna15RqRr__KA,Anna Productions,17700,107,640418.0,9.556,2019-09-30 00:00:00,17700.0,3571 days 00:00:00,4.956594791374965,0
Entertainment,2010-02-16,UC25o8m3ZoyMdsNpPBoxGLoQ,MrAssholebynature1,17300,130,647105.0,10.094,2019-09-23 01:00:00,17314.880952380954,3506 days 01:00:00,4.938642599081847,0
Entertainment,2011-07-11,UC291NQyFpEfTZ9xeFFMSWKQ,crystalDM96,14800,19,744316.0,10.11,2019-09-30 01:00:00,14800.0,3003 days 01:00:00,4.9284049284049285,0
Entertainment,2012-04-03,UC-HIcASNwv7ifE7O8-FJBoA,Megan Jane,13300,68,790848.0,10.652,2019-09-30 00:00:00,13400.0,2736 days 00:00:00,4.89766081871345,0
Entertainment,2008-04-11,UC1_vfXiNRFfNGEy_aNvrYWg,LILKEMO THE ORIGINAT...,20500,78,583615.0,6.614,2019-09-30 01:00:00,20500.0,4189 days 01:00:00,4.89376939603724,0
Entertainment,2010-08-04,UC1nxRSF-378d4MHQbTr8jmA,95.5 PLJ,16300,874,636842.0,10.04,2019-09-30 00:00:00,16357.142857142857,3344 days 00:00:00,4.89149008885851,0
Entertainment,2013-12-06,UC4OSAW4x0gMJ08ZWCuY3VPA,Megs Smart Thinking,10200,1538,881366.0,13.076999999999998,2019-09-30 01:00:00,10243.452380952382,2124 days 01:00:00,4.8227176934804055,0
Entertainment,2013-04-03,UC3exV8Yfz1inl0m1piK14qg,Prabasi Online TV,11300,406,790747.0,10.6605,2019-09-30 00:00:00,11400.0,2371 days 00:00:00,4.808097849008857,0
Entertainment,2005-12-27,UC2YQGHUIqe-GtO4iAQQUM9w,Jonny Cruz,24000,46,474994.0,8.092,2019-09-30 00:00:00,24100.0,5025 days 00:00:00,4.796019900497512,0
Entertainment,2013-02-12,UC-QRkEmBo_TnlwaUk6nNS9w,ReneeDoes ItAll Reac...,11600,111,861805.0,14.306,2019-09-30 00:00:00,11600.0,2421 days 00:00:00,4.791408508880628,0
Entertainment,2006-08-10,UC-asRfsiuwuLE19V2m7Of1g,drewsarichfangirl,22800,472,496195.0,7.5405000000000015,2019-09-30 01:00:00,22972.02380952381,4799 days 01:00:00,4.786835551057264,0
Entertainment,2012-03-30,UC1wIpBDSGf-Mx_f0hsIV__A,Jadensvideos,13000,1181,785450.0,10.314,2019-09-30 00:00:00,13100.0,2740 days 00:00:00,4.781021897810219,0
Entertainment,2011-08-12,UC1x1nwxl9obhv-SYruch76g,HoneyMonsterNoNo,14200,149,753556.0,11.6645,2019-09-30 01:00:00,14200.0,2971 days 01:00:00,4.779535509929317,0
Entertainment,2010-05-22,UC4VkIckE0VUX_nZwoAUsd9w,Il Neige,16300,111,636828.0,10.1255,2019-09-23 00:00:00,16300.0,3411 days 00:00:00,4.778657285253591,0
Entertainment,2011-03-16,UC3EIEsuvZSbFm1982uQXyzQ,IMD LEGION,14926,223,734344.0,10.3905,2019-09-30 00:00:00,14900.0,3120 days 00:00:00,4.7756410256410255,0
Entertainment,2010-07-06,UC-PzqHMKeW199A1HUJtzq5Q,Alberto Productions,15900,382,660914.0,8.8385,2019-09-30 01:00:00,15986.309523809525,3373 days 01:00:00,4.739492891731255,0
Entertainment,2011-11-19,UC34PjyWKHhFi_jxZh6y9B6Q,Al Ansari Exchange,13537,63,764105.0,10.886,2019-09-30 00:00:00,13600.0,2872 days 00:00:00,4.735376044568246,0
Entertainment,2012-11-09,UC0mR3w6PaAkOnXrHqjJlpAQ,Jaime Primak Sulliva...,11800,1492,857623.0,14.3265,2019-09-30 00:00:00,11800.0,2516 days 00:00:00,4.689984101748808,0
Entertainment,2012-08-14,UC4kneVomGj1dN9axZkXLUQA,RealSimWivesHD,12200,66,846457.0,14.363,2019-09-30 00:00:00,12200.0,2603 days 00:00:00,4.686899731079524,0
Entertainment,2006-10-25,UC3EmxrWVl7K8xBH_UVIWY4Q,dailymirror,22100,2345,537299.0,8.8765,2019-09-23 01:00:00,22100.59523809524,4716 days 01:00:00,4.686300941071934,0
Entertainment,2006-02-03,UC2Nn42QJKA8XCPlXjWX_usA,steve clemente,23300,272,511195.0,8.673,2019-09-30 00:00:00,23300.0,4987 days 00:00:00,4.672147583717666,0
Entertainment,2006-09-18,UC4YrsvKZRo_P0PYesZb8aMQ,Marlar House,22000,1947,509628.0,8.557500000000001,2019-09-23 00:00:00,22128.571428571428,4753 days 00:00:00,4.655706170538908,0
Entertainment,2010-02-23,UC41C3sBVaYpAPGmOPETI6xw,ZiggyTV,15300,145,526425.0,11.0,2019-09-30 00:00:00,16314.285714285714,3506 days 00:00:00,4.653247494091761,0
Entertainment,2013-06-07,UC4O0Vd3UxFXGX-UQNelwTag,Timothy Ward,10500,481,873769.0,11.908,2019-09-30 00:00:00,10714.285714285714,2306 days 00:00:00,4.64626440341965,0
Entertainment,2012-08-15,UC3bFSfD8qTh1PdHbo9uIm_A,Infinity Fox,11928,313,790654.0,10.5955,2019-09-30 00:00:00,12057.142857142857,2602 days 00:00:00,4.63379817722631,0
Entertainment,2010-08-09,UC0GuZ6inf85cUrBGMq7gvyA,Fabio Cembranelli,15400,33,667459.0,9.1825,2019-09-23 01:00:00,15414.880952380952,3332 days 01:00:00,4.626314811638942,0
Entertainment,2012-07-08,UC4rYeAM0hM__Ujk26o2mFfQ,Josh Antolin,11900,109,761344.0,11.1605,2019-09-30 01:00:00,12173.214285714286,2640 days 01:00:00,4.611066017316017,0
Entertainment,2011-01-16,UC4oHlzFPqIlu_OJ3BKuw81Q,Theatre People,14081,529,743489.0,10.14,2019-09-23 01:00:00,14100.0,3172 days 01:00:00,4.445145018915511,0
Entertainment,2012-12-06,UC0V7mzuYng15FuP7uyzYcJQ,Timber Humphrey,11000,763,895575.0,15.798,2019-09-30 00:00:00,11000.0,2489 days 00:00:00,4.419445560466051,0
Entertainment,2010-12-16,UC4JKpMFBjWG_3xE9BTQpvpw,LiveTalksLA,13959,254,730264.0,11.6415,2019-09-30 01:00:00,14157.738095238095,3210 days 01:00:00,4.41051031004302,0
Entertainment,2011-07-22,UC-etZrJGrynCw54V13AB9tA,Jeffrey Boakye Yiado...,13100,16,721898.0,12.8535,2019-09-30 00:00:00,13185.714285714286,2992 days 00:00:00,4.406990068754775,0
Entertainment,2012-10-08,UC31e6bKwpelHvuddJ6aY5MQ,Stéphane Alsac,11000,25,849520.0,15.338,2019-09-30 01:00:00,11215.47619047619,2548 days 01:00:00,4.40167825371907,0
Entertainment,2013-06-18,UC3vDII-xAItRJApo0WWtixg,90sPortal,10100,289,975243.0,53.1435,2019-09-30 00:00:00,10100.0,2295 days 00:00:00,4.400871459694989,0
Entertainment,2011-02-03,UC4eWk3gtj9UPT1JiRNvt7sQ,WildNorWester,13900,149,768812.0,12.6735,2019-09-30 00:00:00,13900.0,3161 days 00:00:00,4.397342613097122,0
Entertainment,2006-04-08,UC0BcWejLZSku_y9EKuespaQ,EZ Life Slot Jackpot...,21500,540,526367.0,10.972,2019-09-23 00:00:00,21600.0,4916 days 00:00:00,4.393816110659072,0
Entertainment,2012-05-30,UC0z1bPpcv7ID_KBZ8HjRpdg,ABS-CBN PR,11656,570,776154.0,10.439,2019-09-30 00:00:00,11742.857142857143,2679 days 00:00:00,4.383298672212447,0
Entertainment,2009-09-11,UC2Begme37cpqPTlv6dqMA6Q,Walker Books,16000,307,658228.0,8.238,2019-09-30 00:00:00,16085.714285714286,3671 days 00:00:00,4.381834455383897,0
Entertainment,2013-02-20,UC0H4Z9RZiG1mSVAyP62sMlg,Ayee Tat,10500,210,960138.0,53.1435,2019-09-30 01:00:00,10500.0,2413 days 01:00:00,4.35142975549109,0
Entertainment,2012-08-01,UC12u8ZfjY0wTdml-giFmWwA,IvolveTV,11373,137,911116.0,15.4965,2019-09-30 00:00:00,11300.0,2616 days 00:00:00,4.319571865443425,0
Entertainment,2011-11-19,UC0ShSRO-nAIzLZ-pbc50g2w,Jace Rogers,12400,70,845743.0,14.0435,2019-09-30 00:00:00,12342.857142857143,2872 days 00:00:00,4.297652208515719,0
Entertainment,2013-01-10,UC4LqRXQ_NcRM0WjIhfX-0BA,Dance Masala,10466,136,868306.0,14.046499999999998,2019-09-23 00:00:00,10500.0,2447 days 00:00:00,4.290968532897425,0
Entertainment,2009-01-04,UC-SNP_EdVTCMyGUQDq4Sf5Q,Rachel Kappius,16800,626,676694.0,9.9265,2019-09-30 01:00:00,16800.0,3921 days 01:00:00,4.284621270084163,0
Entertainment,2012-02-18,UC3bcFQpmSDMhx6rg9a8U8Pw,IcySpirit Jr.,12000,22,877548.0,12.0035,2019-09-30 00:00:00,11914.285714285714,2781 days 00:00:00,4.284173216212051,0
Entertainment,2012-05-20,UC4qoaKAqp8hQ5NQvUEOQ6ww,Adam The Prowler,11400,200,848034.0,14.8305,2019-09-30 00:00:00,11500.0,2689 days 00:00:00,4.276682781703236,0
Entertainment,2007-02-26,UC-bhNJ3V5VH0gEJcp0xUTxA,Sheyadi,19666,122,585963.0,10.028,2019-09-30 00:00:00,19600.0,4599 days 00:00:00,4.26179604261796,0
Entertainment,2010-05-31,UC4Bxz-35bYqNxlErW_TnOIQ,4MEGAtainment,14500,112,730345.0,11.507,2019-09-30 01:00:00,14500.0,3409 days 01:00:00,4.253446758580229,0
Entertainment,2011-11-20,UC3kU2wdJ-PDJ4wZ1se7yBzg,Olivier Gomis,11300,13,843649.0,13.145,2019-09-30 00:00:00,12200.0,2871 days 00:00:00,4.249390456287008,0
Entertainment,2007-04-03,UC-9lKusIRrNK3KcU-Jvn8yg,Calvin Dyson Reviews...,19100,170,568815.0,8.5405,2019-09-30 00:00:00,19285.714285714286,4563 days 00:00:00,4.22654268808115,0
Entertainment,2010-10-19,UC4HBpzLDlL7lxOSA2T-V4Wg,Danielle Santos,13700,345,742330.0,10.075,2019-09-23 01:00:00,13714.880952380952,3261 days 01:00:00,4.205728596252976,0
Entertainment,2008-01-19,UC0Q9yE_Nvr5VJgOxNAHu2jw,GreenFrogVideos,17900,381,613110.0,9.6865,2019-09-30 00:00:00,17942.85714285714,4272 days 00:00:00,4.200107009095773,0
Entertainment,2008-02-21,UC2eYQIldY761gw9p0xTe2sA,TeaAndSuga,17700,50,610608.0,9.3685,2019-09-30 01:00:00,17786.309523809523,4239 days 01:00:00,4.195873914557566,0
Entertainment,2011-01-11,UC-ivVRkWrbnTwJh8zXbRWkg,HughesovskiJ,13253,99,712207.0,11.898,2019-09-23 00:00:00,13314.285714285714,3177 days 00:00:00,4.190835918881245,0
Entertainment,2012-04-10,UC16CPKOrO2vB4X7lJMHc6XA,BassAddictionz,11400,21,881183.0,13.072,2019-09-23 00:00:00,11400.0,2722 days 00:00:00,4.1880969875091845,0
Entertainment,2009-04-30,UC3SHRjWqCUZ1tpOd-4qwkPQ,Rob A,15900,987,697584.0,9.077,2019-09-30 01:00:00,15900.0,3805 days 01:00:00,4.178712220762155,0
Entertainment,2007-06-03,UC1_mZWF6rvsGAEd1xEVciWQ,Jor-Els Alexandria,18700,2629,611811.0,9.45,2019-09-30 00:00:00,18757.14285714286,4502 days 00:00:00,4.166402233927778,0
Entertainment,2008-07-17,UC22Ww9SlqutdlxyoKAbNsLQ,isethoriginal,17000,64,659609.0,8.046,2019-09-23 00:00:00,17000.0,4085 days 00:00:00,4.16156670746634,0
Entertainment,2011-11-07,UC3uHtCzyWEq1I8ry-EDqG5g,Cómeme - Record Lab...,11900,215,824483.0,11.255,2019-09-30 00:00:00,12000.0,2884 days 00:00:00,4.160887656033287,0
Entertainment,2007-01-22,UC-VU2FwExGkSd9XUESLsplA,MediaBurnArchive,19200,542,584728.0,9.857,2019-09-30 00:00:00,19271.428571428565,4634 days 00:00:00,4.158702756026881,0
Entertainment,2011-05-12,UC-xONqXUrR4gvBUH6cntj7A,pSykSG,12600,304,833506.0,13.791,2019-09-23 01:00:00,12600.0,3056 days 01:00:00,4.12303664921466,0
Entertainment,2011-04-11,UC14Nzb157QgC23rIYOROrYw,ShowbizJunkies,12600,2799,796578.0,11.2255,2019-09-23 00:00:00,12600.0,3087 days 00:00:00,4.081632653061225,0
Entertainment,2010-09-23,UC-SMFH5qgWK8XxIpcVS14bA,The HayesBrothers,13300,166,745989.0,10.8705,2019-09-23 00:00:00,13300.0,3287 days 00:00:00,4.046242774566474,0
Entertainment,2007-03-03,UC2SL4PYMyGw0rLOfV8QV63A,Wasserspeier07,17879,214,557034.0,9.5695,2019-09-30 01:00:00,18488.09523809524,4594 days 01:00:00,4.024400356572756,0
Entertainment,2010-05-13,UC4jwT5YTDXpefZggbphudhg,nwin,13728,72,751126.0,11.7745,2019-09-30 00:00:00,13700.0,3427 days 00:00:00,3.997665596731836,0
Entertainment,2012-02-18,UC2SlSZ8jSZFVH5L43uEXFWQ,Taurean Smith-Partee...,11062,893,825788.0,11.4975,2019-09-30 01:00:00,11100.0,2781 days 01:00:00,3.9913700107874863,0
Entertainment,2012-03-01,UC0zYu8nHIC2FybhWq2vu1Aw,Niaps Spain,10900,58,866775.0,14.39,2019-09-30 01:00:00,10900.0,2769 days 01:00:00,3.9364391477067535,0
Entertainment,2007-03-04,UC2HXaFmf5YYy-PeIN90Sryg,Joseph Tittel,18000,90,628034.0,10.92,2019-09-23 01:00:00,18000.0,4586 days 01:00:00,3.924989097252507,0
Entertainment,2010-12-28,UC47I-hDc-zIlFK98VQwJqAQ,TheKrowSama,12400,672,784238.0,9.555,2019-09-23 00:00:00,12500.0,3191 days 00:00:00,3.917267314321529,0
Entertainment,2007-05-18,UC4oP3QkSqWEagemIwTVRrWA,Tenille Arts,17100,72,538997.0,8.48,2019-09-30 00:00:00,17585.714285714286,4518 days 00:00:00,3.8923670397773984,0
Entertainment,2009-04-15,UC4m26t8xttu-VWi56I3PMMA,russtuff,14700,177,722596.0,12.1775,2019-09-23 00:00:00,14700.0,3813 days 00:00:00,3.855232100708104,0
Entertainment,2006-12-31,UC1w7szB1zBuIjsdJDR4l4qQ,Shawn Mathews,17900,53,637764.0,9.9885,2019-09-23 00:00:00,17900.0,4649 days 00:00:00,3.850290385029039,0
Entertainment,2008-09-02,UC-SdpMEZFDFqjZ1PIzZH2WQ,Elaine Martin,15500,82,661147.0,9.5955,2019-09-23 01:00:00,15529.166666666664,4038 days 01:00:00,3.8457569754003615,0
Entertainment,2006-10-05,UC1xQtWWd2HVxuH1W6Td5lJQ,JustLatasha,18200,198,611898.0,9.471,2019-09-23 01:00:00,18200.0,4736 days 01:00:00,3.842905405405405,0
Entertainment,2010-02-05,UC0yREgC6KNKJdOyiPpwEptA,"You,me and the 6 C's...",13500,1378,733663.0,10.386,2019-09-23 01:00:00,13500.59523809524,3517 days 01:00:00,3.8386679664757577,0
Entertainment,2008-09-24,UC0ePJWFmjL-YwbBmiG8kkAg,DVLH3,15300,224,681489.0,9.251,2019-09-23 00:00:00,15400.0,4016 days 00:00:00,3.8346613545816735,0
Entertainment,2010-12-28,UC1EliGY_chJBxhxKckNmxQg,Dan C Bearded,12100,261,636494.0,10.1865,2019-09-23 01:00:00,12229.761904761905,3191 days 01:00:00,3.8325797257166734,0
Entertainment,2006-12-16,UC-bbXGgvUq-RxOKlag2jszw,One Fantastic Week,17800,359,618208.0,10.3495,2019-09-30 00:00:00,17900.0,4671 days 00:00:00,3.8321558552772426,0
Entertainment,2011-12-15,UC1iw6bSm6eukS69A8vqyy7w,stetsongroup,10700,24,862623.0,14.335,2019-09-30 00:00:00,10885.714285714286,2846 days 00:00:00,3.824917176990262,0
Entertainment,2009-10-02,UC2OW9CO-OzPRwWJSyB7wVUQ,Sixthclone,13900,46,738670.0,9.738,2019-09-23 00:00:00,13900.0,3643 days 00:00:00,3.81553664562174,0
Entertainment,2011-11-06,UC0DSVYvDwQie6GX2zN-UPaQ,DeQueen Phillips,11000,28,584163.0,8.0235,2019-09-30 01:00:00,11000.0,2885 days 01:00:00,3.812824956672444,0
Entertainment,2009-11-20,UC1-0eD8toe9Ark-5XbDS06Q,ZalRB1,13538,947,729658.0,11.768,2019-09-30 00:00:00,13657.142857142857,3601 days 00:00:00,3.792597294402349,0
Entertainment,2011-11-05,UC17fQJq7fXt9alpRFdvGqyA,RedCurtainEnt,10700,78,857274.0,14.193,2019-09-30 00:00:00,10914.285714285714,2886 days 00:00:00,3.7818037818037817,0
Entertainment,2006-08-09,UC0_hqh4gJFrAd_KjkDnx6vw,Christene Jackman,18000,155,601406.0,11.6725,2019-09-30 00:00:00,18057.14285714286,4800 days 00:00:00,3.7619047619047614,0
Entertainment,2009-08-17,UC2rjTzAKJmjvdbr4ssII4fg,Domino's Pizza UK & ...,13964,93,763893.0,10.908,2019-09-30 01:00:00,13900.0,3696 days 01:00:00,3.760822510822511,0
Entertainment,2011-09-29,UC3Pqo2TKnHpwUtS3XDGO4aQ,BMCG,10800,149,923006.0,16.886,2019-09-30 00:00:00,10957.142857142857,2923 days 00:00:00,3.7485948878353934,0
Entertainment,2010-01-16,UC1ofvNKY2X17JhcDVn74SWg,xKamiKaze Chan,13200,87,787078.0,8.974,2019-09-23 00:00:00,13200.0,3537 days 00:00:00,3.731976251060221,0
Entertainment,2011-09-27,UC2fLYZwoRQjJrrv5kFeYQFg,MyJazzyMac/Jukebox J...,10800,1364,807916.0,11.135,2019-09-23 00:00:00,10828.57142857143,2918 days 00:00:00,3.710956623910702,0
Entertainment,2011-03-26,UC0vA960mPrQ1oroOqbIsR3w,cooljunkproductions,11500,131,896809.0,16.282,2019-09-30 00:00:00,11500.0,3110 days 00:00:00,3.697749196141479,0
Entertainment,2011-04-14,UC4rpfccg2bxDygCu6uSUz1w,clubbingtvofficial,11400,779,880611.0,13.0185,2019-09-30 00:00:00,11400.0,3091 days 00:00:00,3.6881268197994177,0
Entertainment,2006-12-15,UC4KF_da2-Ak_UbXZbPSo3Gw,M1TGLIED,17100,10,576509.0,9.089,2019-09-23 00:00:00,17200.0,4665 days 00:00:00,3.687031082529475,0
Entertainment,2010-05-20,UC4pIaS4f8xaJckJ8eA1XZBg,KLAQ,12600,946,816133.0,12.324000000000002,2019-09-30 00:00:00,12600.0,3420 days 00:00:00,3.684210526315789,0
Entertainment,2008-12-22,UC3nKlCXYbQ1G28xj6vMOrrg,steamwally,14212,889,713108.0,12.5075,2019-09-30 00:00:00,14457.142857142857,3934 days 00:00:00,3.6749219260658,0
Entertainment,2010-02-04,UC0GHTjPR0yE856xEN95n2PQ,MoneyGram,12800,444,770028.0,12.039,2019-09-30 00:00:00,12900.0,3525 days 00:00:00,3.6595744680851054,0
Entertainment,2006-12-07,UC0kQRe2ipXDXB_Lh8PwouBw,Andrea Gibson,16900,37,649099.0,10.0225,2019-09-30 01:00:00,16986.309523809523,4680 days 01:00:00,3.629553317053317,0
Entertainment,2010-11-16,UC4RBKNj-oW4jKeMNMlFVjHA,Julia Broderick,11651,200,753470.0,11.628,2019-09-23 00:00:00,11700.0,3233 days 00:00:00,3.618929786575936,0
Entertainment,2006-11-05,UC-tkoCr3X_9Pkt8MRCthroA,Andre Taylor,17000,130,648209.0,10.2505,2019-09-30 00:00:00,17000.0,4712 days 00:00:00,3.607809847198642,0
Entertainment,2006-10-10,UC1GrzPvbh5CiKfQSkIuN76A,DJ REMINISE,16800,104,607553.0,8.2455,2019-09-30 00:00:00,17014.285714285714,4738 days 00:00:00,3.5910269553156846,0
Entertainment,2012-01-16,UC3zxVdVvHjUjVpc7dA_-tlQ,Lotfi Kaz Film,10100,36,918567.0,18.296,2019-09-30 00:00:00,10100.0,2814 days 00:00:00,3.5891968727789623,0
Entertainment,2010-07-02,UC20fAcWvSoSSqaNbXc7RBKw,Mango_Ferret,12157,61,864304.0,14.232,2019-09-30 00:00:00,12100.0,3377 days 00:00:00,3.583061889250814,0
Entertainment,2011-08-27,UC2DOAb0csvV4-H4SIpikdig,Janniel & Treau,10400,53,917327.0,17.2895,2019-09-30 00:00:00,10500.0,2956 days 00:00:00,3.552097428958052,0
Entertainment,2011-06-24,UC1H7iL4OE2_FNBwrMRSk1cA,Toy Hunt Dudes,10700,747,921536.0,18.938,2019-09-30 00:00:00,10700.0,3020 days 00:00:00,3.543046357615894,0
Entertainment,2008-09-28,UC1A0obR1zJdacLuOwMV8hCg,13MKH,14200,367,702712.0,9.3645,2019-09-23 00:00:00,14200.0,4012 days 00:00:00,3.53938185443669,0
Entertainment,2009-01-15,UC4GF6MFoBKs35xkWtBKEj4g,Noxious CEB,13700,38,755750.0,11.732,2019-09-23 01:00:00,13800.59523809524,3903 days 01:00:00,3.535894244964192,0
Entertainment,2011-06-03,UC-cYcNoxvKb-n_2WWjhpvRQ,Ronald Ellis,10500,187,874414.0,11.559,2019-09-30 01:00:00,10686.309523809525,3041 days 01:00:00,3.514077449460548,0
Entertainment,2011-10-06,UC1nuRWIJz5JxW_e-By5U6HA,EPIC VIDEOS,10200,98,960844.0,53.1435,2019-09-23 00:00:00,10200.0,2909 days 00:00:00,3.5063595737366797,0
Entertainment,2010-06-28,UC2V6gkTa42dboiZmPmLap9Q,Sibaraj Gurung,11686,247,826717.0,11.547,2019-09-23 00:00:00,11728.571428571431,3374 days 00:00:00,3.4761622491320185,0
Entertainment,2010-02-15,UC2W_yiCEjmQAbjw-GUCFOyg,Mario Archaga,12000,60,810626.0,9.7875,2019-09-30 00:00:00,12100.0,3514 days 00:00:00,3.44336937962436,0
Entertainment,2010-11-03,UC-lsffAlPBMtvkeFkHx1kzA,Russell Peterson,11213,250,877475.0,11.5285,2019-09-30 00:00:00,11200.0,3253 days 00:00:00,3.442975714724869,0
Entertainment,2008-01-27,UC2awAMqj-soNbVGqVslX5wg,The Classic Archives...,14400,58557,634147.0,9.7965,2019-09-30 00:00:00,14571.428571428569,4264 days 00:00:00,3.4173143929241485,0
Entertainment,2009-01-10,UC-zutaSrShjAgo9S0bXZ4yg,The Creepiest Of Pas...,13248,1214,785615.0,10.415500000000002,2019-09-30 01:00:00,13300.0,3915 days 01:00:00,3.397190293742018,0
Entertainment,2006-11-30,UC3n68-O4UpzOP1SAvEWr4YA,Saving History ™ w...,15800,278,701458.0,9.5075,2019-09-30 00:00:00,15800.0,4687 days 00:00:00,3.371026242799232,0
Entertainment,2010-02-11,UC4AR3sORYrcMkVKw0q75ZZQ,Gagosian,11800,395,836643.0,11.4725,2019-09-30 00:00:00,11842.857142857143,3518 days 00:00:00,3.366360756923577,0
Entertainment,2009-04-20,UC04GFg99i5zJg5zd6p3HBrQ,Absolutesublime1,12800,1159,814185.0,12.0215,2019-09-30 00:00:00,12800.0,3815 days 00:00:00,3.3551769331585843,0
Entertainment,2007-09-21,UC0GXZXVgzkmACw5KQh1V_qQ,DollsAndSpooks,14475,352,543600.0,7.821499999999999,2019-09-23 01:00:00,14701.190476190475,4385 days 01:00:00,3.35260900255199,0
Entertainment,2009-10-21,UC10MNSvCT18cw_w8zgqJCVw,Mitsubishi Electric ...,12085,612,803394.0,11.8355,2019-09-30 01:00:00,12143.452380952383,3631 days 01:00:00,3.34438236875582,0
Entertainment,2009-10-24,UC4efzlmfB9lqZe090t6JUYQ,Digger Dawn,12101,317,787007.0,8.8165,2019-09-23 00:00:00,12100.0,3621 days 00:00:00,3.3416183374758357,0
Entertainment,2006-07-12,UC-suwtf88Ygoc3knVP3orAg,Jai Catalano,16000,29,680574.0,9.811,2019-09-23 01:00:00,16000.0,4821 days 01:00:00,3.318813524165111,0
Entertainment,2010-05-27,UC473RzD6_6a5S4C1QXDzoYw,Scotty D,11300,327,895453.0,15.735,2019-09-30 00:00:00,11300.0,3413 days 00:00:00,3.3108702021681804,0
Entertainment,2007-07-10,UC0DpYbYK6dyCJ8SK4X35joA,KD7NHM,14600,82,742784.0,10.0745,2019-09-23 00:00:00,14600.0,4458 days 00:00:00,3.2750112157918347,0
Entertainment,2010-04-06,UC1HB6Pcl-OEp1seJdSKOZmQ,gtgrandom,11200,202,877105.0,11.3495,2019-09-23 00:00:00,11200.0,3457 days 00:00:00,3.239803297656928,0
Entertainment,2010-01-30,UC3mdbf2qqSW9xtfz83osiaA,Pawan Kumar Jha,11300,49,896043.0,16.102,2019-09-30 00:00:00,11300.0,3530 days 00:00:00,3.201133144475921,0
Entertainment,2011-02-24,UC-04opG9zmAFWfAa-vRBlhA,Stance,10000,160,977435.0,53.1435,2019-09-23 00:00:00,10014.285714285714,3133 days 00:00:00,3.1963886735670965,0
Entertainment,2010-10-28,UC0LDk8g68e5Wum0NkuJX-Bw,Echo Blue,10334,66,922527.0,17.4395,2019-09-30 00:00:00,10385.714285714286,3259 days 00:00:00,3.18677946784728,0
Entertainment,2010-11-20,UC-CybQDYy-IDuNwlx47Ha2Q,Ray's Garage,10300,217,900510.0,17.083,2019-09-30 00:00:00,10300.0,3236 days 00:00:00,3.1829419035846724,0
Entertainment,2010-10-16,UC2hAekmsYlnOArvGdR4L3gA,DiDiKa World,11100,18,856880.0,14.369000000000002,2018-12-03 00:00:00,9445.875,2970 days 00:00:00,3.180429292929293,0
Entertainment,2008-01-24,UC4fvCLfkQDLXzQoU_3BuETA,GAY TIMES,13438,76,786016.0,10.4515,2019-09-30 00:00:00,13400.0,4267 days 00:00:00,3.140379657839232,0
Entertainment,2009-10-26,UC38BGWLpnTydGyK-yw8QUQA,vlad2010ful,11200,1134,876517.0,10.784,2019-09-30 01:00:00,11300.0,3626 days 01:00:00,3.116381687810259,0
Entertainment,2007-05-29,UC0-yDNgHbIn_EEnf-F8dnTg,WJMTV,13900,168,737324.0,9.21,2019-09-23 00:00:00,13900.0,4500 days 00:00:00,3.088888888888889,0
Entertainment,2007-11-06,UC0jwdzZqOhSfPLPd7MHWVEw,Longhairexclusive,13433,223,733487.0,10.3545,2019-09-30 00:00:00,13400.0,4346 days 00:00:00,3.0832949838932358,0
Entertainment,2008-01-25,UC2R8w9dMSEviT0yyefg-sWg,Bill Ladd DigFellas,13100,166,785140.0,10.2225,2019-09-30 00:00:00,13100.0,4266 days 00:00:00,3.0707923112986406,0
Entertainment,2008-01-06,UC0NLfMeGQJyEvx9i4cqg36w,Linsbrothers,13100,95,802212.0,11.6665,2019-09-30 01:00:00,13100.0,4285 days 01:00:00,3.057176196032672,0
Entertainment,2006-08-01,UC1rqvLNKlMFSFfKWbQQyN3A,Micah Lacerte,14609,1316,695617.0,9.8025,2019-09-30 01:00:00,14600.0,4808 days 01:00:00,3.0366056572379367,0
Entertainment,2010-02-09,UC4LgOXgCToK4fd2WKN6xt-g,Kajairo,10651,36,919778.0,18.5335,2019-09-23 01:00:00,10600.0,3513 days 01:00:00,3.017364076288073,0
Entertainment,2008-04-17,UC4OnzY1OgwUE0XPAHpqlcvQ,Penguin Random House...,12500,444,783949.0,9.519,2019-09-30 00:00:00,12600.0,4183 days 00:00:00,3.012192206550323,0
Entertainment,2010-04-13,UC4BQtqiQVHf8FxcYyJadKPA,LukisZone 92,10400,40,912466.0,15.617,2019-09-30 00:00:00,10400.0,3457 days 00:00:00,3.008388776395719,0
Entertainment,2008-04-13,UC2-V0rEZF_uxDSUxeRxov5Q,Jayden McNeill,12346,450,812409.0,11.478,2019-09-30 01:00:00,12400.0,4187 days 01:00:00,2.961547647480296,0
Entertainment,2006-08-02,UC-hALJMVr9_Ci68cyosBINg,mouseinfo,14100,647,713659.0,13.129,2019-09-23 01:00:00,14114.880952380952,4800 days 01:00:00,2.9406001984126986,0
Entertainment,2008-12-16,UC3nXGq63lmnpRlTSdGje7Uw,Turnpike Racing Leag...,11500,289,832270.0,13.3715,2019-09-30 00:00:00,11585.714285714286,3940 days 00:00:00,2.9405366207396666,0
Entertainment,2007-05-13,UC2NFcYmAqRohoYDrPZeCVMw,Holly Rose Stones,13240,240,806933.0,11.3405,2019-09-23 00:00:00,13200.0,4516 days 00:00:00,2.9229406554472983,0
Entertainment,2006-09-30,UC-yXsZotkO0kaww1taNwgxA,Mid Valley Mercenari...,13016,211,604873.0,9.606,2019-09-30 01:00:00,13860.119047619048,4748 days 01:00:00,2.9191489148313075,0
Entertainment,2008-12-13,UC0_iyWkPpDLU6WlB_j7qhDg,KB Kid ASMR,11500,38,838986.0,11.6915,2019-09-30 00:00:00,11500.0,3943 days 00:00:00,2.916560994166878,0
Entertainment,2009-03-24,UC0LqAgzaW1NHLM6mhpO3b_Q,arrghgarry,11186,5143,912148.0,15.5685,2019-09-30 00:00:00,11200.0,3842 days 00:00:00,2.9151483602290478,0
Entertainment,2007-02-24,UC-D6jO4WifPyiKdbSY_G35g,TeleCabo,10900,16,536523.0,9.0205,2019-09-30 00:00:00,13314.285714285714,4601 days 00:00:00,2.8937808550936133,0
Entertainment,2006-10-25,UC18kdQSMwpr81ZYR-QRNiDg,TheMighty Thor,13100,807,791778.0,10.607,2019-09-30 00:00:00,13100.0,4723 days 00:00:00,2.773660808807961,0
Entertainment,2006-07-28,UC-jrJDE909guQH6PlBt6iyA,JJGeneral1 Arcade,13300,392,782293.0,9.247,2019-09-23 00:00:00,13300.0,4805 days 00:00:00,2.7679500520291365,0
Entertainment,2009-03-29,UC-a_VULlmleL_lyJSa69i6g,RaoulDuke504,10400,699,799999.0,11.42,2019-09-30 00:00:00,10542.857142857143,3837 days 00:00:00,2.7476823411147104,0
Entertainment,2007-04-26,UC0njphqpztTG8hCrQF4oorg,V Magazine,12300,282,813553.0,11.5355,2019-09-23 01:00:00,12314.880952380952,4533 days 01:00:00,2.716717615791077,0
Entertainment,2007-11-11,UC2ltxeMfzqwkMbCZx0boAcw,Juulen,11600,15,780147.0,10.0395,2019-09-30 01:00:00,11786.309523809525,4341 days 01:00:00,2.715113919329538,0
Entertainment,2008-06-10,UC16xobI8VBcf-CZMIjRa_Uw,jetlag2222,11100,339,922667.0,17.0715,2019-09-30 00:00:00,11100.0,4129 days 00:00:00,2.6883022523613467,0
Entertainment,2008-05-06,UC-f4XWraJ1H8NhKMxrpzqAQ,ElPaso TubeAmps,11100,326,843514.0,12.921,2019-09-30 00:00:00,11171.428571428569,4164 days 00:00:00,2.682859887470838,0
Entertainment,2008-01-23,UC3Pw5R-GdlZ_ELFldr6tIhA,Crystal Ma,11300,41,865220.0,14.259,2019-09-23 01:00:00,11300.0,4261 days 01:00:00,2.6519596338887585,0
Entertainment,2007-10-05,UC4iTi_kO_A-0DBUnOE9yebQ,Amador’s Crafts & ...,11600,834,867497.0,14.4425,2019-09-30 00:00:00,11600.0,4378 days 00:00:00,2.6496116948378257,0
Entertainment,2008-10-10,UC1O02rtlnSbUSILx-OzxUEA,Silvja LadyHoscar,10500,133,906785.0,15.386,2019-09-23 00:00:00,10500.0,4000 days 00:00:00,2.625,0
Entertainment,2006-07-17,UC4eSEak33cL5EZ5eEvsFuFg,Asherofficial,12600,73,832779.0,13.5095,2019-09-23 00:00:00,12600.0,4816 days 00:00:00,2.616279069767442,0
Entertainment,2007-05-22,UC3c0on1ULeS5_aGw_P7Bw7A,DISPENCERY7,11620,138,680112.0,10.0065,2019-09-30 00:00:00,11600.0,4514 days 00:00:00,2.5697828976517503,0
Entertainment,2006-11-19,UC4Ra-B6VPBC0MdZ-Pu1qONQ,Nina Charm Dizon,11935,73,869928.0,13.9895,2019-09-30 01:00:00,11900.0,4698 days 01:00:00,2.53299276287782,0
Entertainment,2007-01-15,UC0b7ya24ZruKxekWWXrbPZQ,Karen Boksian,11200,55,773078.0,11.04,2019-09-23 00:00:00,11214.285714285714,4634 days 00:00:00,2.4200012331216474,0
Entertainment,2007-04-11,UC1sw_JfMAqhkJ2013JdTXeg,Matthew Austin,10500,509,903663.0,16.520500000000002,2019-09-30 01:00:00,10500.0,4555 days 01:00:00,2.305159165751921,0
Entertainment,2007-03-03,UC1ubYnfehEM1kcYN0IiGzIQ,goonewj,10400,461,919060.0,18.3305,2019-09-30 00:00:00,10457.142857142857,4594 days 00:00:00,2.276260961502581,0
Entertainment,2006-12-15,UC0SQcrl8Wq-dwou4V3S9rAw,fdnyfish,10228,1343,910974.0,15.448999999999998,2019-09-30 01:00:00,10200.0,4672 days 01:00:00,2.183219178082192,0
Entertainment,2006-04-21,UC25YiVMrG8NN1jyaOELmleQ,Shaun Wood,10223,25,968613.0,53.1435,2019-09-23 01:00:00,10200.0,4903 days 01:00:00,2.0803589638996534,0
